gun_no,varsayilan_tarih,gun_adi,faz,ay_temasi,sutun,seri,sablon,konu,kanca,ana_mesaj,roadcraft,esnek,kaynak_gun
1,2026-10-08,Perşembe,1,"Sonbahar: yaprak, ilk yağmur, kısalan gün",Doğru / Yanlış,Roadcraft Doğru-Yanlış,dogru_yanlis,Önde yavaş araç: ayna + sinyal + omuz kontrolü,Aynaya baktın. Yetmez.,Ayna kör noktayı göstermez; şerit değiştirmeden önce son bakış omuzdan.,Sollama / Gözlem,Sabit,
2,2026-10-08,Perşembe,1,"Sonbahar: yaprak, ilk yağmur, kısalan gün",Teknik Kontrol,Kapalı Alan Tekniği,teknik,Karşı direksiyon temelleri (Seviye 1),Karşı direksiyon temelleri: çoğu sürücü bunu yanlış yapıyor,"Kapalı alanda doğru uygulama + yaygın hata, tek ana ipucu.",Kontrol,Sabit,
3,2026-10-09,Cuma,1,"Sonbahar: yaprak, ilk yağmur, kısalan gün",Sen Olsan?,Quiz (cevap yarın),quiz,Quiz: Önde yavaş araç: ayna + sinyal + omuz kontrolü,Sen olsan ne yapardın? A mı B mi?,"Ramak kala anından 1 sn önce dondur; cevap yorumlarda, çözüm yarın.",Sollama / Gözlem,Sabit,1
4,2026-10-10,Cumartesi,1,"Sonbahar: yaprak, ilk yağmur, kısalan gün",Cevap + Kural,Quiz cevabı,cevap,Cevap: Önde yavaş araç: ayna + sinyal + omuz kontrolü,Dünkü sorunun cevabı: yorumların %… haklıydı,Ayna kör noktayı göstermez; şerit değiştirmeden önce son bakış omuzdan.,Sollama / Gözlem,Sabit,1
5,2026-10-11,Pazar,1,"Sonbahar: yaprak, ilk yağmur, kısalan gün",Tehlike Avı,Tehlike Avı,tehlike,Şehir içi ana cadde – odak: Gözlem,"Bu sahnede kaç tehlike var? Say, sonra izle",Roadcraft gözlem: şehir içi ana cadde ortamında tehlikeleri erken tanı (gözlem).,Gözlem / Sistem,Sabit,
6,2026-10-12,Pazartesi,1,"Sonbahar: yaprak, ilk yağmur, kısalan gün",Beceri Challenge,#Challenge (takipçi katılımlı),challenge,Koni slalomu – Seviye 1,Bunu yapabilir misin? Koni slalomu,Kurulum ölçüleri ekranda; takipçiler kendi denemesini etiketler.,Kontrol,Sabit,
7,2026-10-13,Salı,1,"Sonbahar: yaprak, ilk yağmur, kısalan gün",Topluluk,Yorumlardan Soru,yorum_soru,Haftanın en çok sorulan sorusu,Bu hafta en çok bunu sordunuz,Haftanın yorum/DM analizinden seçilen soruya kısa cevap.,Değişken,Esnek,
8,2026-10-14,Çarşamba,1,"Sonbahar: yaprak, ilk yağmur, kısalan gün",Doğru / Yanlış,Roadcraft Doğru-Yanlış,dogru_yanlis,Sollamada takip → hazırlık → geçiş pozisyonu,Sollamaya arkasına yapışarak başlama,"Takip mesafesinden görüş al, hazırlık pozisyonuna geç, kararı sonra ver.",Sollama,Sabit,
9,2026-10-15,Perşembe,1,"Sonbahar: yaprak, ilk yağmur, kısalan gün",Teknik Kontrol,Kapalı Alan Tekniği,teknik,Gidonu gevşek tutmak (Seviye 1),Gidonu gevşek tutmak: çoğu sürücü bunu yanlış yapıyor,"Kapalı alanda doğru uygulama + yaygın hata, tek ana ipucu.",Kontrol,Sabit,
10,2026-10-16,Cuma,1,"Sonbahar: yaprak, ilk yağmur, kısalan gün",Sen Olsan?,Quiz (cevap yarın),quiz,Quiz: Sollamada takip → hazırlık → geçiş pozisyonu,Sen olsan ne yapardın? A mı B mi?,"Ramak kala anından 1 sn önce dondur; cevap yorumlarda, çözüm yarın.",Sollama,Sabit,8
11,2026-10-17,Cumartesi,1,"Sonbahar: yaprak, ilk yağmur, kısalan gün",Cevap + Kural,Quiz cevabı,cevap,Cevap: Sollamada takip → hazırlık → geçiş pozisyonu,Dünkü sorunun cevabı: yorumların %… haklıydı,"Takip mesafesinden görüş al, hazırlık pozisyonuna geç, kararı sonra ver.",Sollama,Sabit,8
12,2026-10-18,Pazar,1,"Sonbahar: yaprak, ilk yağmur, kısalan gün",Tehlike Avı,Tehlike Avı,tehlike,Mahalle arası – odak: Konumlanma,"Bu sahnede kaç tehlike var? Say, sonra izle",Roadcraft gözlem: mahalle arası ortamında tehlikeleri erken tanı (konumlanma).,Gözlem / Sistem,Sabit,
13,2026-10-19,Pazartesi,1,"Sonbahar: yaprak, ilk yağmur, kısalan gün",Beceri Challenge,#Challenge (takipçi katılımlı),challenge,En yavaş 10 metre – Seviye 1,Bunu yapabilir misin? En yavaş 10 metre,Kurulum ölçüleri ekranda; takipçiler kendi denemesini etiketler.,Kontrol,Sabit,
14,2026-10-20,Salı,1,"Sonbahar: yaprak, ilk yağmur, kısalan gün",Topluluk,Efsane mi Gerçek mi?,efsane,Arka fren kullanılmaz,"'Arka fren kullanılmaz' Efsane mi, gerçek mi?",Yaygın inanışı Roadcraft ve veriyle değerlendir; cevabı izleyiciye önce tahmin ettir.,Değişken,Esnek,
15,2026-10-21,Çarşamba,1,"Sonbahar: yaprak, ilk yağmur, kısalan gün",Doğru / Yanlış,Roadcraft Doğru-Yanlış,dogru_yanlis,Sola dönecek aracı sollamak,Sinyal vermeden sola döndü…,Solda yol ağzı / dönüş cebi varsa sollama yok; aracın yavaşlaması bir işarettir.,Sollama,Sabit,
16,2026-10-22,Perşembe,1,"Sonbahar: yaprak, ilk yağmur, kısalan gün",Teknik Kontrol,Kapalı Alan Tekniği,teknik,Bakış yönü ile dönüş (kafa çevirme) (Seviye 1),Bakış yönü ile dönüş (kafa çevirme): çoğu sürücü bunu yanlış yapıyor,"Kapalı alanda doğru uygulama + yaygın hata, tek ana ipucu.",Kontrol,Sabit,
17,2026-10-23,Cuma,1,"Sonbahar: yaprak, ilk yağmur, kısalan gün",Sen Olsan?,Quiz (cevap yarın),quiz,Quiz: Sola dönecek aracı sollamak,Sen olsan ne yapardın? A mı B mi?,"Ramak kala anından 1 sn önce dondur; cevap yorumlarda, çözüm yarın.",Sollama,Sabit,15
18,2026-10-24,Cumartesi,1,"Sonbahar: yaprak, ilk yağmur, kısalan gün",Cevap + Kural,Quiz cevabı,cevap,Cevap: Sola dönecek aracı sollamak,Dünkü sorunun cevabı: yorumların %… haklıydı,Solda yol ağzı / dönüş cebi varsa sollama yok; aracın yavaşlaması bir işarettir.,Sollama,Sabit,15
19,2026-10-25,Pazar,1,"Sonbahar: yaprak, ilk yağmur, kısalan gün",Tehlike Avı,Tehlike Avı,tehlike,Çevre yolu – odak: Hız ve mesafe,"Bu sahnede kaç tehlike var? Say, sonra izle",Roadcraft gözlem: çevre yolu ortamında tehlikeleri erken tanı (hız ve mesafe).,Gözlem / Sistem,Sabit,
20,2026-10-26,Pazartesi,1,"Sonbahar: yaprak, ilk yağmur, kısalan gün",Beceri Challenge,#Challenge (takipçi katılımlı),challenge,Dar U dönüşü – Seviye 1,Bunu yapabilir misin? Dar U dönüşü,Kurulum ölçüleri ekranda; takipçiler kendi denemesini etiketler.,Kontrol,Sabit,
21,2026-10-27,Salı,1,"Görüş: sis, gece, ıslak zemin",Topluluk,Ekipman & Bakım,ekipman,Kask seçimi ve ECE 22.06,Kask seçimi ve ECE 22.06: 30 saniyede,"Seçim / kontrol kriterleri, standart ve pratik ipucu.",Hazırlık,Esnek,
22,2026-10-28,Çarşamba,1,"Görüş: sis, gece, ıslak zemin",Doğru / Yanlış,Roadcraft Doğru-Yanlış,dogru_yanlis,Tepe üstünde sollama,Tepeyi göremiyorsan karşıyı da göremiyorsun,Görüş mesafen sollamayı bitirecek mesafeden kısaysa başlama.,Sollama,Sabit,
23,2026-10-29,Perşembe,1,"Görüş: sis, gece, ıslak zemin",Teknik Kontrol,Kapalı Alan Tekniği,teknik,Debriyaj sürtme ile düşük hız (Seviye 1),Debriyaj sürtme ile düşük hız: çoğu sürücü bunu yanlış yapıyor,"Kapalı alanda doğru uygulama + yaygın hata, tek ana ipucu.",Kontrol,Sabit,
24,2026-10-30,Cuma,1,"Görüş: sis, gece, ıslak zemin",Sen Olsan?,Quiz (cevap yarın),quiz,Quiz: Önde yavaş araç: ayna + sinyal + omuz kontrolü,Sen olsan ne yapardın? A mı B mi?,"Ramak kala anından 1 sn önce dondur; cevap yorumlarda, çözüm yarın.",Sollama / Gözlem,Sabit,1
25,2026-10-31,Cumartesi,1,"Görüş: sis, gece, ıslak zemin",Cevap + Kural,Quiz cevabı,cevap,Cevap: Önde yavaş araç: ayna + sinyal + omuz kontrolü,Dünkü sorunun cevabı: yorumların %… haklıydı,Ayna kör noktayı göstermez; şerit değiştirmeden önce son bakış omuzdan.,Sollama / Gözlem,Sabit,1
26,2026-11-01,Pazar,1,"Görüş: sis, gece, ıslak zemin",Tehlike Avı,Tehlike Avı,tehlike,Otoyol – odak: Tehlike tahmini,"Bu sahnede kaç tehlike var? Say, sonra izle",Roadcraft gözlem: otoyol ortamında tehlikeleri erken tanı (tehlike tahmini).,Gözlem / Sistem,Sabit,
27,2026-11-02,Pazartesi,1,"Görüş: sis, gece, ıslak zemin",Beceri Challenge,#Challenge (takipçi katılımlı),challenge,Sekiz çizme – Seviye 1,Bunu yapabilir misin? Sekiz çizme,Kurulum ölçüleri ekranda; takipçiler kendi denemesini etiketler.,Kontrol,Sabit,
28,2026-11-03,Salı,1,"Görüş: sis, gece, ıslak zemin",Topluluk,Mini Sınav,mini_sinav,Haftanın 3 hızlı sorusu,Bu haftayı ne kadar iyi takip ettin? 3 soru,"Haftanın Pazartesi–Cumartesi konularından 3 hızlı soru, cevaplar sonda.",Değişken,Esnek,
29,2026-11-04,Çarşamba,1,"Görüş: sis, gece, ıslak zemin",Doğru / Yanlış,Roadcraft Doğru-Yanlış,dogru_yanlis,Kör viraj girişinde sollama,Viraj 'boş' görünüyordu,Görüş sınırı geriye gidiyorsa sollama bölgesi bitmiştir.,Sollama / Viraj,Sabit,
30,2026-11-05,Perşembe,1,"Görüş: sis, gece, ıslak zemin",Teknik Kontrol,Kapalı Alan Tekniği,teknik,Arka fren ile düşük hız dengesi (Seviye 1),Arka fren ile düşük hız dengesi: çoğu sürücü bunu yanlış yapıyor,"Kapalı alanda doğru uygulama + yaygın hata, tek ana ipucu.",Kontrol,Sabit,
31,2026-11-06,Cuma,1,"Görüş: sis, gece, ıslak zemin",Sen Olsan?,Quiz (cevap yarın),quiz,Quiz: Sollamada takip → hazırlık → geçiş pozisyonu,Sen olsan ne yapardın? A mı B mi?,"Ramak kala anından 1 sn önce dondur; cevap yorumlarda, çözüm yarın.",Sollama,Sabit,8
32,2026-11-07,Cumartesi,1,"Görüş: sis, gece, ıslak zemin",Cevap + Kural,Quiz cevabı,cevap,Cevap: Sollamada takip → hazırlık → geçiş pozisyonu,Dünkü sorunun cevabı: yorumların %… haklıydı,"Takip mesafesinden görüş al, hazırlık pozisyonuna geç, kararı sonra ver.",Sollama,Sabit,8
33,2026-11-08,Pazar,1,"Görüş: sis, gece, ıslak zemin",Tehlike Avı,Tehlike Avı,tehlike,Köy yolu – odak: Sollama kararları,"Bu sahnede kaç tehlike var? Say, sonra izle",Roadcraft gözlem: köy yolu ortamında tehlikeleri erken tanı (sollama kararları).,Gözlem / Sistem,Sabit,
34,2026-11-09,Pazartesi,1,"Görüş: sis, gece, ıslak zemin",Beceri Challenge,#Challenge (takipçi katılımlı),challenge,Acil fren noktası – Seviye 1,Bunu yapabilir misin? Acil fren noktası,Kurulum ölçüleri ekranda; takipçiler kendi denemesini etiketler.,Kontrol,Sabit,
35,2026-11-10,Salı,1,"Görüş: sis, gece, ıslak zemin",Topluluk,Yorumlardan Soru,yorum_soru,Haftanın en çok sorulan sorusu,Bu hafta en çok bunu sordunuz,Haftanın yorum/DM analizinden seçilen soruya kısa cevap.,Değişken,Esnek,
36,2026-11-11,Çarşamba,1,"Görüş: sis, gece, ıslak zemin",Doğru / Yanlış,Roadcraft Doğru-Yanlış,dogru_yanlis,Sollama sonrası şeride dönüş mesafesi,Kamyonun önüne kesme,Aynada sollanan aracın iki farını görmeden şeride dönme.,Sollama,Sabit,
37,2026-11-12,Perşembe,1,"Görüş: sis, gece, ıslak zemin",Teknik Kontrol,Kapalı Alan Tekniği,teknik,Yavaş sürüş yarışı (10 m) (Seviye 1),Yavaş sürüş yarışı (10 m): çoğu sürücü bunu yanlış yapıyor,"Kapalı alanda doğru uygulama + yaygın hata, tek ana ipucu.",Kontrol,Sabit,
38,2026-11-13,Cuma,1,"Görüş: sis, gece, ıslak zemin",Sen Olsan?,Quiz (cevap yarın),quiz,Quiz: Sola dönecek aracı sollamak,Sen olsan ne yapardın? A mı B mi?,"Ramak kala anından 1 sn önce dondur; cevap yorumlarda, çözüm yarın.",Sollama,Sabit,15
39,2026-11-14,Cumartesi,1,"Görüş: sis, gece, ıslak zemin",Cevap + Kural,Quiz cevabı,cevap,Cevap: Sola dönecek aracı sollamak,Dünkü sorunun cevabı: yorumların %… haklıydı,Solda yol ağzı / dönüş cebi varsa sollama yok; aracın yavaşlaması bir işarettir.,Sollama,Sabit,15
40,2026-11-15,Pazar,1,"Görüş: sis, gece, ıslak zemin",Tehlike Avı,Tehlike Avı,tehlike,Virajlı dağ yolu – odak: Gözlem,"Bu sahnede kaç tehlike var? Say, sonra izle",Roadcraft gözlem: virajlı dağ yolu ortamında tehlikeleri erken tanı (gözlem).,Gözlem / Sistem,Sabit,
41,2026-11-16,Pazartesi,1,"Görüş: sis, gece, ıslak zemin",Beceri Challenge,#Challenge (takipçi katılımlı),challenge,Ofset slalom – Seviye 1,Bunu yapabilir misin? Ofset slalom,Kurulum ölçüleri ekranda; takipçiler kendi denemesini etiketler.,Kontrol,Sabit,
42,2026-11-17,Salı,1,"Görüş: sis, gece, ıslak zemin",Topluluk,Efsane mi Gerçek mi?,efsane,Kısa yolda kask şart değil,"'Kısa yolda kask şart değil' Efsane mi, gerçek mi?",Yaygın inanışı Roadcraft ve veriyle değerlendir; cevabı izleyiciye önce tahmin ettir.,Değişken,Esnek,
43,2026-11-18,Çarşamba,1,"Görüş: sis, gece, ıslak zemin",Doğru / Yanlış,Roadcraft Doğru-Yanlış,dogru_yanlis,Arka arkaya araç (konvoy) sollamak,Arada boşluk var sandın,Dönüş boşluğu garantili değilse konvoy sollanmaz.,Sollama,Sabit,
44,2026-11-19,Perşembe,1,"Görüş: sis, gece, ıslak zemin",Teknik Kontrol,Kapalı Alan Tekniği,teknik,Ön fren kademeli sıkma (Seviye 1),Ön fren kademeli sıkma: çoğu sürücü bunu yanlış yapıyor,"Kapalı alanda doğru uygulama + yaygın hata, tek ana ipucu.",Kontrol,Sabit,
45,2026-11-20,Cuma,1,"Görüş: sis, gece, ıslak zemin",Sen Olsan?,Quiz (cevap yarın),quiz,Quiz: Tepe üstünde sollama,Sen olsan ne yapardın? A mı B mi?,"Ramak kala anından 1 sn önce dondur; cevap yorumlarda, çözüm yarın.",Sollama,Sabit,22
46,2026-11-21,Cumartesi,1,"Görüş: sis, gece, ıslak zemin",Cevap + Kural,Quiz cevabı,cevap,Cevap: Tepe üstünde sollama,Dünkü sorunun cevabı: yorumların %… haklıydı,Görüş mesafen sollamayı bitirecek mesafeden kısaysa başlama.,Sollama,Sabit,22
47,2026-11-22,Pazar,1,"Görüş: sis, gece, ıslak zemin",Tehlike Avı,Tehlike Avı,tehlike,Gece şehir içi – odak: Konumlanma,"Bu sahnede kaç tehlike var? Say, sonra izle",Roadcraft gözlem: gece şehir içi ortamında tehlikeleri erken tanı (konumlanma).,Gözlem / Sistem,Sabit,
48,2026-11-23,Pazartesi,1,"Görüş: sis, gece, ıslak zemin",Beceri Challenge,#Challenge (takipçi katılımlı),challenge,Kutu (box) dönüşü – Seviye 1,Bunu yapabilir misin? Kutu (box) dönüşü,Kurulum ölçüleri ekranda; takipçiler kendi denemesini etiketler.,Kontrol,Sabit,
49,2026-11-24,Salı,1,"Görüş: sis, gece, ıslak zemin",Topluluk,Ekipman & Bakım,ekipman,Kask ne zaman değişir?,Kask ne zaman değişir?: 30 saniyede,"Seçim / kontrol kriterleri, standart ve pratik ipucu.",Hazırlık,Esnek,
50,2026-11-25,Çarşamba,1,"Görüş: sis, gece, ıslak zemin",Doğru / Yanlış,Roadcraft Doğru-Yanlış,dogru_yanlis,Karşıdan gelenin hızını okumak,Uzak görünüyordu…,Belirleyici olan mesafe değil kapanma hızıdır; iki hız toplanır.,Sollama,Sabit,
51,2026-11-26,Perşembe,1,"Kış: teori, ekipman, bakım",Teknik Kontrol,Kapalı Alan Tekniği,teknik,Ağırlık transferi ve çatal batması (Seviye 1),Ağırlık transferi ve çatal batması: çoğu sürücü bunu yanlış yapıyor,"Kapalı alanda doğru uygulama + yaygın hata, tek ana ipucu.",Kontrol,Sabit,
52,2026-11-27,Cuma,1,"Kış: teori, ekipman, bakım",Sen Olsan?,Quiz (cevap yarın),quiz,Quiz: Kör viraj girişinde sollama,Sen olsan ne yapardın? A mı B mi?,"Ramak kala anından 1 sn önce dondur; cevap yorumlarda, çözüm yarın.",Sollama / Viraj,Sabit,29
53,2026-11-28,Cumartesi,1,"Kış: teori, ekipman, bakım",Cevap + Kural,Quiz cevabı,cevap,Cevap: Kör viraj girişinde sollama,Dünkü sorunun cevabı: yorumların %… haklıydı,Görüş sınırı geriye gidiyorsa sollama bölgesi bitmiştir.,Sollama / Viraj,Sabit,29
54,2026-11-29,Pazar,1,"Kış: teori, ekipman, bakım",Tehlike Avı,Tehlike Avı,tehlike,Yağmurda şehir içi – odak: Hız ve mesafe,"Bu sahnede kaç tehlike var? Say, sonra izle",Roadcraft gözlem: yağmurda şehir içi ortamında tehlikeleri erken tanı (hız ve mesafe).,Gözlem / Sistem,Sabit,
55,2026-11-30,Pazartesi,1,"Kış: teori, ekipman, bakım",Beceri Challenge,#Challenge (takipçi katılımlı),challenge,Tek koni etrafında dönüş – Seviye 1,Bunu yapabilir misin? Tek koni etrafında dönüş,Kurulum ölçüleri ekranda; takipçiler kendi denemesini etiketler.,Kontrol,Sabit,
56,2026-12-01,Salı,1,"Kış: teori, ekipman, bakım",Topluluk,Mini Sınav,mini_sinav,Haftanın 3 hızlı sorusu,Bu haftayı ne kadar iyi takip ettin? 3 soru,"Haftanın Pazartesi–Cumartesi konularından 3 hızlı soru, cevaplar sonda.",Değişken,Esnek,
57,2026-12-02,Çarşamba,1,"Kış: teori, ekipman, bakım",Doğru / Yanlış,Roadcraft Doğru-Yanlış,dogru_yanlis,Kamyon sollarken rüzgar ve emme etkisi,Kamyonun yanında gidon neden titredi?,"Yanal mesafeyi artır, gidonu gevşek tut, yanında oyalanma.",Sollama / Çevre,Sabit,
58,2026-12-03,Perşembe,1,"Kış: teori, ekipman, bakım",Teknik Kontrol,Kapalı Alan Tekniği,teknik,Acil fren 40–50 km/s (Seviye 1),Acil fren 40–50 km/s: çoğu sürücü bunu yanlış yapıyor,"Kapalı alanda doğru uygulama + yaygın hata, tek ana ipucu.",Kontrol,Sabit,
59,2026-12-04,Cuma,1,"Kış: teori, ekipman, bakım",Sen Olsan?,Quiz (cevap yarın),quiz,Quiz: Sollama sonrası şeride dönüş mesafesi,Sen olsan ne yapardın? A mı B mi?,"Ramak kala anından 1 sn önce dondur; cevap yorumlarda, çözüm yarın.",Sollama,Sabit,36
60,2026-12-05,Cumartesi,1,"Kış: teori, ekipman, bakım",Cevap + Kural,Quiz cevabı,cevap,Cevap: Sollama sonrası şeride dönüş mesafesi,Dünkü sorunun cevabı: yorumların %… haklıydı,Aynada sollanan aracın iki farını görmeden şeride dönme.,Sollama,Sabit,36
61,2026-12-06,Pazar,1,"Kış: teori, ekipman, bakım",Tehlike Avı,Tehlike Avı,tehlike,Okul bölgesi – odak: Tehlike tahmini,"Bu sahnede kaç tehlike var? Say, sonra izle",Roadcraft gözlem: okul bölgesi ortamında tehlikeleri erken tanı (tehlike tahmini).,Gözlem / Sistem,Sabit,
62,2026-12-07,Pazartesi,1,"Kış: teori, ekipman, bakım",Beceri Challenge,#Challenge (takipçi katılımlı),challenge,Gymkhana mini parkur – Seviye 1,Bunu yapabilir misin? Gymkhana mini parkur,Kurulum ölçüleri ekranda; takipçiler kendi denemesini etiketler.,Kontrol,Sabit,
63,2026-12-08,Salı,1,"Kış: teori, ekipman, bakım",Topluluk,Yorumlardan Soru,yorum_soru,Haftanın en çok sorulan sorusu,Bu hafta en çok bunu sordunuz,Haftanın yorum/DM analizinden seçilen soruya kısa cevap.,Değişken,Esnek,
64,2026-12-09,Çarşamba,1,"Kış: teori, ekipman, bakım",Doğru / Yanlış,Roadcraft Doğru-Yanlış,dogru_yanlis,Sollanan araç hızlanırsa: vazgeçme planı,O da gaza bastı!,Her sollamada geri çekilme planın önceden hazır olmalı.,Sollama,Sabit,
65,2026-12-10,Perşembe,1,"Kış: teori, ekipman, bakım",Teknik Kontrol,Kapalı Alan Tekniği,teknik,ABS'yi hissetmek (Seviye 1),ABS'yi hissetmek: çoğu sürücü bunu yanlış yapıyor,"Kapalı alanda doğru uygulama + yaygın hata, tek ana ipucu.",Kontrol,Sabit,
66,2026-12-11,Cuma,1,"Kış: teori, ekipman, bakım",Sen Olsan?,Quiz (cevap yarın),quiz,Quiz: Arka arkaya araç (konvoy) sollamak,Sen olsan ne yapardın? A mı B mi?,"Ramak kala anından 1 sn önce dondur; cevap yorumlarda, çözüm yarın.",Sollama,Sabit,43
67,2026-12-12,Cumartesi,1,"Kış: teori, ekipman, bakım",Cevap + Kural,Quiz cevabı,cevap,Cevap: Arka arkaya araç (konvoy) sollamak,Dünkü sorunun cevabı: yorumların %… haklıydı,Dönüş boşluğu garantili değilse konvoy sollanmaz.,Sollama,Sabit,43
68,2026-12-13,Pazar,1,"Kış: teori, ekipman, bakım",Tehlike Avı,Tehlike Avı,tehlike,Sanayi bölgesi (ağır vasıta) – odak: Sollama kararları,"Bu sahnede kaç tehlike var? Say, sonra izle",Roadcraft gözlem: sanayi bölgesi (ağır vasıta) ortamında tehlikeleri erken tanı (sollama kararları).,Gözlem / Sistem,Sabit,
69,2026-12-14,Pazartesi,1,"Kış: teori, ekipman, bakım",Beceri Challenge,#Challenge (takipçi katılımlı),challenge,Fren + kaçınma – Seviye 1,Bunu yapabilir misin? Fren + kaçınma,Kurulum ölçüleri ekranda; takipçiler kendi denemesini etiketler.,Kontrol,Sabit,
70,2026-12-15,Salı,1,"Kış: teori, ekipman, bakım",Topluluk,Efsane mi Gerçek mi?,efsane,ABS fren mesafesini her zaman kısaltır,"'ABS fren mesafesini her zaman kısaltır' Efsane mi, gerçek mi?",Yaygın inanışı Roadcraft ve veriyle değerlendir; cevabı izleyiciye önce tahmin ettir.,Değişken,Esnek,
71,2026-12-16,Çarşamba,1,"Kış: teori, ekipman, bakım",Doğru / Yanlış,Roadcraft Doğru-Yanlış,dogru_yanlis,Kesintisiz çizgide sollama,Çizgi neden tam orada çekilmiş?,Kesintisiz çizgi bir görüş/risk kararıdır; ihlal hem yasal hem fiziksel risk.,Sollama / Kural,Sabit,
72,2026-12-17,Perşembe,1,"Kış: teori, ekipman, bakım",Teknik Kontrol,Kapalı Alan Tekniği,teknik,Fren – bırak – kaçın – tekrar fren (Seviye 1),Fren – bırak – kaçın – tekrar fren: çoğu sürücü bunu yanlış yapıyor,"Kapalı alanda doğru uygulama + yaygın hata, tek ana ipucu.",Kontrol,Sabit,
73,2026-12-18,Cuma,1,"Kış: teori, ekipman, bakım",Sen Olsan?,Quiz (cevap yarın),quiz,Quiz: Karşıdan gelenin hızını okumak,Sen olsan ne yapardın? A mı B mi?,"Ramak kala anından 1 sn önce dondur; cevap yorumlarda, çözüm yarın.",Sollama,Sabit,50
74,2026-12-19,Cumartesi,1,"Kış: teori, ekipman, bakım",Cevap + Kural,Quiz cevabı,cevap,Cevap: Karşıdan gelenin hızını okumak,Dünkü sorunun cevabı: yorumların %… haklıydı,Belirleyici olan mesafe değil kapanma hızıdır; iki hız toplanır.,Sollama,Sabit,50
75,2026-12-20,Pazar,1,"Kış: teori, ekipman, bakım",Tehlike Avı,Tehlike Avı,tehlike,Yoğun meydan / kavşak – odak: Gözlem,"Bu sahnede kaç tehlike var? Say, sonra izle",Roadcraft gözlem: yoğun meydan / kavşak ortamında tehlikeleri erken tanı (gözlem).,Gözlem / Sistem,Sabit,
76,2026-12-21,Pazartesi,1,"Kış: teori, ekipman, bakım",Beceri Challenge,#Challenge (takipçi katılımlı),challenge,Yavaş slalom – Seviye 1,Bunu yapabilir misin? Yavaş slalom,Kurulum ölçüleri ekranda; takipçiler kendi denemesini etiketler.,Kontrol,Sabit,
77,2026-12-22,Salı,1,"Kış: teori, ekipman, bakım",Topluluk,Ekipman & Bakım,ekipman,Mont koruma sınıfları (EN 17092),Mont koruma sınıfları (EN 17092): 30 saniyede,"Seçim / kontrol kriterleri, standart ve pratik ipucu.",Hazırlık,Esnek,
78,2026-12-23,Çarşamba,1,"Kış: teori, ekipman, bakım",Doğru / Yanlış,Roadcraft Doğru-Yanlış,dogru_yanlis,Yaya geçidinde duran aracı sollamak,Neden durduğunu hiç düşündün mü?,Duran araç = göremediğin bir sebep; yaya geçidinde sollama yok.,Sollama / Gözlem,Sabit,
79,2026-12-24,Perşembe,1,"Kış: teori, ekipman, bakım",Teknik Kontrol,Kapalı Alan Tekniği,teknik,Kaçınma manevrası (hızlı şerit değişimi) (Seviye 1),Kaçınma manevrası (hızlı şerit değişimi): çoğu sürücü bunu yanlış yapıyor,"Kapalı alanda doğru uygulama + yaygın hata, tek ana ipucu.",Kontrol,Sabit,
80,2026-12-25,Cuma,1,"Kış: teori, ekipman, bakım",Sen Olsan?,Quiz (cevap yarın),quiz,Quiz: Kamyon sollarken rüzgar ve emme etkisi,Sen olsan ne yapardın? A mı B mi?,"Ramak kala anından 1 sn önce dondur; cevap yorumlarda, çözüm yarın.",Sollama / Çevre,Sabit,57
81,2026-12-26,Cumartesi,1,"Kış: teori, ekipman, bakım",Cevap + Kural,Quiz cevabı,cevap,Cevap: Kamyon sollarken rüzgar ve emme etkisi,Dünkü sorunun cevabı: yorumların %… haklıydı,"Yanal mesafeyi artır, gidonu gevşek tut, yanında oyalanma.",Sollama / Çevre,Sabit,57
82,2026-12-27,Pazar,1,"Kış: zihinsel hazırlık, Roadcraft Sistem",Tehlike Avı,Tehlike Avı,tehlike,Dönel kavşak serisi – odak: Konumlanma,"Bu sahnede kaç tehlike var? Say, sonra izle",Roadcraft gözlem: dönel kavşak serisi ortamında tehlikeleri erken tanı (konumlanma).,Gözlem / Sistem,Sabit,
83,2026-12-28,Pazartesi,1,"Kış: zihinsel hazırlık, Roadcraft Sistem",Beceri Challenge,#Challenge (takipçi katılımlı),challenge,Kafa çevirme ile 90° dönüş – Seviye 1,Bunu yapabilir misin? Kafa çevirme ile 90° dönüş,Kurulum ölçüleri ekranda; takipçiler kendi denemesini etiketler.,Kontrol,Sabit,
84,2026-12-29,Salı,1,"Kış: zihinsel hazırlık, Roadcraft Sistem",Topluluk,Mini Sınav,mini_sinav,Haftanın 3 hızlı sorusu,Bu haftayı ne kadar iyi takip ettin? 3 soru,"Haftanın Pazartesi–Cumartesi konularından 3 hızlı soru, cevaplar sonda.",Değişken,Esnek,
85,2026-12-30,Çarşamba,1,"Kış: zihinsel hazırlık, Roadcraft Sistem",Doğru / Yanlış,Roadcraft Doğru-Yanlış,dogru_yanlis,Yan yoldan çıkan araç (SMIDSY),'Seni görmedim' cümlesi,"Seni gördüğünü varsayma; pozisyon ve hızla görünür ol, kaçış hazırla.",Kavşak,Sabit,
86,2026-12-31,Perşembe,1,"Kış: zihinsel hazırlık, Roadcraft Sistem",Teknik Kontrol,Kapalı Alan Tekniği,teknik,Diz ile depo sıkma (Seviye 1),Diz ile depo sıkma: çoğu sürücü bunu yanlış yapıyor,"Kapalı alanda doğru uygulama + yaygın hata, tek ana ipucu.",Kontrol,Sabit,
87,2027-01-01,Cuma,1,"Kış: zihinsel hazırlık, Roadcraft Sistem",Sen Olsan?,Quiz (cevap yarın),quiz,Quiz: Sollanan araç hızlanırsa: vazgeçme planı,Sen olsan ne yapardın? A mı B mi?,"Ramak kala anından 1 sn önce dondur; cevap yorumlarda, çözüm yarın.",Sollama,Sabit,64
88,2027-01-02,Cumartesi,1,"Kış: zihinsel hazırlık, Roadcraft Sistem",Cevap + Kural,Quiz cevabı,cevap,Cevap: Sollanan araç hızlanırsa: vazgeçme planı,Dünkü sorunun cevabı: yorumların %… haklıydı,Her sollamada geri çekilme planın önceden hazır olmalı.,Sollama,Sabit,64
89,2027-01-03,Pazar,1,"Kış: zihinsel hazırlık, Roadcraft Sistem",Tehlike Avı,Tehlike Avı,tehlike,Stabilize / toprak yol – odak: Hız ve mesafe,"Bu sahnede kaç tehlike var? Say, sonra izle",Roadcraft gözlem: stabilize / toprak yol ortamında tehlikeleri erken tanı (hız ve mesafe).,Gözlem / Sistem,Sabit,
90,2027-01-04,Pazartesi,1,"Kış: zihinsel hazırlık, Roadcraft Sistem",Beceri Challenge,#Challenge (takipçi katılımlı),challenge,Dar koridor (1 m) düz gidiş – Seviye 1,Bunu yapabilir misin? Dar koridor (1 m) düz gidiş,Kurulum ölçüleri ekranda; takipçiler kendi denemesini etiketler.,Kontrol,Sabit,
91,2027-01-05,Salı,2,"Kış: zihinsel hazırlık, Roadcraft Sistem",Topluluk,Yorumlardan Soru,yorum_soru,Haftanın en çok sorulan sorusu,Bu hafta en çok bunu sordunuz,Haftanın yorum/DM analizinden seçilen soruya kısa cevap.,Değişken,Esnek,
92,2027-01-06,Çarşamba,2,"Kış: zihinsel hazırlık, Roadcraft Sistem",Doğru / Yanlış,Roadcraft Doğru-Yanlış,dogru_yanlis,Sola dönerken karşıdan gelen,Boşluk yeterli miydi?,Dönüş kararı karşı şeridin hızına göre; tereddüt en tehlikeli durum.,Kavşak,Sabit,
93,2027-01-07,Perşembe,2,"Kış: zihinsel hazırlık, Roadcraft Sistem",Teknik Kontrol,Kapalı Alan Tekniği,teknik,"Ayak pozisyonu (ayak ucu, pedallar) (Seviye 1)","Ayak pozisyonu (ayak ucu, pedallar): çoğu sürücü bunu yanlış yapıyor","Kapalı alanda doğru uygulama + yaygın hata, tek ana ipucu.",Kontrol,Sabit,
94,2027-01-08,Cuma,2,"Kış: zihinsel hazırlık, Roadcraft Sistem",Sen Olsan?,Quiz (cevap yarın),quiz,Quiz: Kesintisiz çizgide sollama,Sen olsan ne yapardın? A mı B mi?,"Ramak kala anından 1 sn önce dondur; cevap yorumlarda, çözüm yarın.",Sollama / Kural,Sabit,71
95,2027-01-09,Cumartesi,2,"Kış: zihinsel hazırlık, Roadcraft Sistem",Cevap + Kural,Quiz cevabı,cevap,Cevap: Kesintisiz çizgide sollama,Dünkü sorunun cevabı: yorumların %… haklıydı,Kesintisiz çizgi bir görüş/risk kararıdır; ihlal hem yasal hem fiziksel risk.,Sollama / Kural,Sabit,71
96,2027-01-10,Pazar,2,"Kış: zihinsel hazırlık, Roadcraft Sistem",Tehlike Avı,Tehlike Avı,tehlike,Tünel ve köprü – odak: Tehlike tahmini,"Bu sahnede kaç tehlike var? Say, sonra izle",Roadcraft gözlem: tünel ve köprü ortamında tehlikeleri erken tanı (tehlike tahmini).,Gözlem / Sistem,Sabit,
97,2027-01-11,Pazartesi,2,"Kış: zihinsel hazırlık, Roadcraft Sistem",Beceri Challenge,#Challenge (takipçi katılımlı),challenge,Ayakta düz gidiş – Seviye 1,Bunu yapabilir misin? Ayakta düz gidiş,Kurulum ölçüleri ekranda; takipçiler kendi denemesini etiketler.,Kontrol,Esnek,
98,2027-01-12,Salı,2,"Kış: zihinsel hazırlık, Roadcraft Sistem",Topluluk,Efsane mi Gerçek mi?,efsane,Yüksek egzoz sesi hayat kurtarır,"'Yüksek egzoz sesi hayat kurtarır' Efsane mi, gerçek mi?",Yaygın inanışı Roadcraft ve veriyle değerlendir; cevabı izleyiciye önce tahmin ettir.,Değişken,Esnek,
99,2027-01-13,Çarşamba,2,"Kış: zihinsel hazırlık, Roadcraft Sistem",Doğru / Yanlış,Roadcraft Doğru-Yanlış,dogru_yanlis,Sağa dönen kamyonun iç tarafı,Kamyon sağa dönerken yanındaydın,Uzun aracın iç dönüş alanına girme; arkasında bekle.,Kavşak / Konum,Sabit,
100,2027-01-14,Perşembe,2,"Kış: zihinsel hazırlık, Roadcraft Sistem",Teknik Kontrol,Kapalı Alan Tekniği,teknik,Ayakta sürüş (Seviye 1),Ayakta sürüş: çoğu sürücü bunu yanlış yapıyor,"Kapalı alanda doğru uygulama + yaygın hata, tek ana ipucu.",Kontrol,Sabit,
101,2027-01-15,Cuma,2,"Kış: zihinsel hazırlık, Roadcraft Sistem",Sen Olsan?,Quiz (cevap yarın),quiz,Quiz: Yaya geçidinde duran aracı sollamak,Sen olsan ne yapardın? A mı B mi?,"Ramak kala anından 1 sn önce dondur; cevap yorumlarda, çözüm yarın.",Sollama / Gözlem,Sabit,78
102,2027-01-16,Cumartesi,2,"Kış: zihinsel hazırlık, Roadcraft Sistem",Cevap + Kural,Quiz cevabı,cevap,Cevap: Yaya geçidinde duran aracı sollamak,Dünkü sorunun cevabı: yorumların %… haklıydı,Duran araç = göremediğin bir sebep; yaya geçidinde sollama yok.,Sollama / Gözlem,Sabit,78
103,2027-01-17,Pazar,2,"Kış: zihinsel hazırlık, Roadcraft Sistem",Tehlike Avı,Tehlike Avı,tehlike,Yol çalışması güzergâhı – odak: Sollama kararları,"Bu sahnede kaç tehlike var? Say, sonra izle",Roadcraft gözlem: yol çalışması güzergâhı ortamında tehlikeleri erken tanı (sollama kararları).,Gözlem / Sistem,Sabit,
104,2027-01-18,Pazartesi,2,"Kış: zihinsel hazırlık, Roadcraft Sistem",Beceri Challenge,#Challenge (takipçi katılımlı),challenge,Ani duruş çizgisi – Seviye 1,Bunu yapabilir misin? Ani duruş çizgisi,Kurulum ölçüleri ekranda; takipçiler kendi denemesini etiketler.,Kontrol,Esnek,
105,2027-01-19,Salı,2,"Kış: zihinsel hazırlık, Roadcraft Sistem",Topluluk,Ekipman & Bakım,ekipman,Eldiven seçimi (EN 13594),Eldiven seçimi (EN 13594): 30 saniyede,"Seçim / kontrol kriterleri, standart ve pratik ipucu.",Hazırlık,Esnek,
106,2027-01-20,Çarşamba,2,"Kış: zihinsel hazırlık, Roadcraft Sistem",Doğru / Yanlış,Roadcraft Doğru-Yanlış,dogru_yanlis,Kavşakta beklerken teker yönü,Arkadan çarpılırsan nereye gidersin?,Dönüş için beklerken tekeri düz tut; çarpılırsan karşı şeride itilme.,Kavşak,Sabit,
107,2027-01-21,Perşembe,2,"Kış: zihinsel hazırlık, Roadcraft Sistem",Teknik Kontrol,Kapalı Alan Tekniği,teknik,Gaz kontrolü: düzgün açma (Seviye 1),Gaz kontrolü: düzgün açma: çoğu sürücü bunu yanlış yapıyor,"Kapalı alanda doğru uygulama + yaygın hata, tek ana ipucu.",Kontrol,Sabit,
108,2027-01-22,Cuma,2,"Kış: zihinsel hazırlık, Roadcraft Sistem",Sen Olsan?,Quiz (cevap yarın),quiz,Quiz: Yan yoldan çıkan araç (SMIDSY),Sen olsan ne yapardın? A mı B mi?,"Ramak kala anından 1 sn önce dondur; cevap yorumlarda, çözüm yarın.",Kavşak,Sabit,85
109,2027-01-23,Cumartesi,2,"Kış: zihinsel hazırlık, Roadcraft Sistem",Cevap + Kural,Quiz cevabı,cevap,Cevap: Yan yoldan çıkan araç (SMIDSY),Dünkü sorunun cevabı: yorumların %… haklıydı,"Seni gördüğünü varsayma; pozisyon ve hızla görünür ol, kaçış hazırla.",Kavşak,Sabit,85
110,2027-01-24,Pazar,2,"Kış: zihinsel hazırlık, Roadcraft Sistem",Tehlike Avı,Tehlike Avı,tehlike,Pazar yeri / kalabalık cadde – odak: Gözlem,"Bu sahnede kaç tehlike var? Say, sonra izle",Roadcraft gözlem: pazar yeri / kalabalık cadde ortamında tehlikeleri erken tanı (gözlem).,Gözlem / Sistem,Sabit,
111,2027-01-25,Pazartesi,2,"Kış: zihinsel hazırlık, Roadcraft Sistem",Beceri Challenge,#Challenge (takipçi katılımlı),challenge,Spiral (daralan daire) – Seviye 1,Bunu yapabilir misin? Spiral (daralan daire),Kurulum ölçüleri ekranda; takipçiler kendi denemesini etiketler.,Kontrol,Esnek,
112,2027-01-26,Salı,2,"Kış: zihinsel hazırlık, Roadcraft Sistem",Topluluk,Mini Sınav,mini_sinav,Haftanın 3 hızlı sorusu,Bu haftayı ne kadar iyi takip ettin? 3 soru,"Haftanın Pazartesi–Cumartesi konularından 3 hızlı soru, cevaplar sonda.",Değişken,Esnek,
113,2027-01-27,Çarşamba,2,Kış: ekipman ve sezon planı,Doğru / Yanlış,Roadcraft Doğru-Yanlış,dogru_yanlis,Sarı ışıkta karar noktası,"Gaz mı, fren mi?",Karar noktasını ışık değişmeden önce belirle; son anda karar verme.,Kavşak / Hız,Sabit,
114,2027-01-28,Perşembe,2,Kış: ekipman ve sezon planı,Teknik Kontrol,Kapalı Alan Tekniği,teknik,Viraj öncesi vites (Seviye 1),Viraj öncesi vites: çoğu sürücü bunu yanlış yapıyor,"Kapalı alanda doğru uygulama + yaygın hata, tek ana ipucu.",Kontrol,Sabit,
115,2027-01-29,Cuma,2,Kış: ekipman ve sezon planı,Sen Olsan?,Quiz (cevap yarın),quiz,Quiz: Sola dönerken karşıdan gelen,Sen olsan ne yapardın? A mı B mi?,"Ramak kala anından 1 sn önce dondur; cevap yorumlarda, çözüm yarın.",Kavşak,Sabit,92
116,2027-01-30,Cumartesi,2,Kış: ekipman ve sezon planı,Cevap + Kural,Quiz cevabı,cevap,Cevap: Sola dönerken karşıdan gelen,Dünkü sorunun cevabı: yorumların %… haklıydı,Dönüş kararı karşı şeridin hızına göre; tereddüt en tehlikeli durum.,Kavşak,Sabit,92
117,2027-01-31,Pazar,2,Kış: ekipman ve sezon planı,Tehlike Avı,Tehlike Avı,tehlike,Tatil yolu – odak: Konumlanma,"Bu sahnede kaç tehlike var? Say, sonra izle",Roadcraft gözlem: tatil yolu ortamında tehlikeleri erken tanı (konumlanma).,Gözlem / Sistem,Sabit,
118,2027-02-01,Pazartesi,2,Kış: ekipman ve sezon planı,Beceri Challenge,#Challenge (takipçi katılımlı),challenge,Kilit tutuşta tam tur – Seviye 1,Bunu yapabilir misin? Kilit tutuşta tam tur,Kurulum ölçüleri ekranda; takipçiler kendi denemesini etiketler.,Kontrol,Esnek,
119,2027-02-02,Salı,2,Kış: ekipman ve sezon planı,Topluluk,Yorumlardan Soru,yorum_soru,Haftanın en çok sorulan sorusu,Bu hafta en çok bunu sordunuz,Haftanın yorum/DM analizinden seçilen soruya kısa cevap.,Değişken,Esnek,
120,2027-02-03,Çarşamba,2,Kış: ekipman ve sezon planı,Doğru / Yanlış,Roadcraft Doğru-Yanlış,dogru_yanlis,Dönel kavşak giriş ve çıkış,Dönel kavşakta kim kimi gördü?,Girişte sol aynan + omuz; çıkışta sağ kör nokta ve sinyal.,Kavşak,Sabit,
121,2027-02-04,Perşembe,2,Kış: ekipman ve sezon planı,Teknik Kontrol,Kapalı Alan Tekniği,teknik,Motor freni kullanımı (Seviye 1),Motor freni kullanımı: çoğu sürücü bunu yanlış yapıyor,"Kapalı alanda doğru uygulama + yaygın hata, tek ana ipucu.",Kontrol,Sabit,
122,2027-02-05,Cuma,2,Kış: ekipman ve sezon planı,Sen Olsan?,Quiz (cevap yarın),quiz,Quiz: Sağa dönen kamyonun iç tarafı,Sen olsan ne yapardın? A mı B mi?,"Ramak kala anından 1 sn önce dondur; cevap yorumlarda, çözüm yarın.",Kavşak / Konum,Sabit,99
123,2027-02-06,Cumartesi,2,Kış: ekipman ve sezon planı,Cevap + Kural,Quiz cevabı,cevap,Cevap: Sağa dönen kamyonun iç tarafı,Dünkü sorunun cevabı: yorumların %… haklıydı,Uzun aracın iç dönüş alanına girme; arkasında bekle.,Kavşak / Konum,Sabit,99
124,2027-02-07,Pazar,2,Kış: ekipman ve sezon planı,Tehlike Avı,Tehlike Avı,tehlike,Sabah işe gidiş trafiği – odak: Hız ve mesafe,"Bu sahnede kaç tehlike var? Say, sonra izle",Roadcraft gözlem: sabah işe gidiş trafiği ortamında tehlikeleri erken tanı (hız ve mesafe).,Gözlem / Sistem,Sabit,
125,2027-02-08,Pazartesi,2,Kış: ekipman ve sezon planı,Beceri Challenge,#Challenge (takipçi katılımlı),challenge,Hızlandır–fren–dön kombinasyonu – Seviye 1,Bunu yapabilir misin? Hızlandır–fren–dön kombinasyonu,Kurulum ölçüleri ekranda; takipçiler kendi denemesini etiketler.,Kontrol,Esnek,
126,2027-02-09,Salı,2,Kış: ekipman ve sezon planı,Topluluk,Efsane mi Gerçek mi?,efsane,Yağmurda virajda yatmamak lazım,"'Yağmurda virajda yatmamak lazım' Efsane mi, gerçek mi?",Yaygın inanışı Roadcraft ve veriyle değerlendir; cevabı izleyiciye önce tahmin ettir.,Değişken,Esnek,
127,2027-02-10,Çarşamba,2,Kış: ekipman ve sezon planı,Doğru / Yanlış,Roadcraft Doğru-Yanlış,dogru_yanlis,Yeşilde ilk kalkış: kırmızıdan geçen,"Yeşil yandı, hemen çıktın",Yeşil 'yol boş' demek değil; çıkmadan önce iki yana bak.,Kavşak / Gözlem,Sabit,
128,2027-02-11,Perşembe,2,Kış: ekipman ve sezon planı,Teknik Kontrol,Kapalı Alan Tekniği,teknik,Yokuşta kalkış (Seviye 1),Yokuşta kalkış: çoğu sürücü bunu yanlış yapıyor,"Kapalı alanda doğru uygulama + yaygın hata, tek ana ipucu.",Kontrol,Sabit,
129,2027-02-12,Cuma,2,Kış: ekipman ve sezon planı,Sen Olsan?,Quiz (cevap yarın),quiz,Quiz: Kavşakta beklerken teker yönü,Sen olsan ne yapardın? A mı B mi?,"Ramak kala anından 1 sn önce dondur; cevap yorumlarda, çözüm yarın.",Kavşak,Sabit,106
130,2027-02-13,Cumartesi,2,Kış: ekipman ve sezon planı,Cevap + Kural,Quiz cevabı,cevap,Cevap: Kavşakta beklerken teker yönü,Dünkü sorunun cevabı: yorumların %… haklıydı,Dönüş için beklerken tekeri düz tut; çarpılırsan karşı şeride itilme.,Kavşak,Sabit,106
131,2027-02-14,Pazar,2,Kış: ekipman ve sezon planı,Tehlike Avı,Tehlike Avı,tehlike,Gün batımı (karşıdan güneş) – odak: Tehlike tahmini,"Bu sahnede kaç tehlike var? Say, sonra izle",Roadcraft gözlem: gün batımı (karşıdan güneş) ortamında tehlikeleri erken tanı (tehlike tahmini).,Gözlem / Sistem,Sabit,
132,2027-02-15,Pazartesi,2,Kış: ekipman ve sezon planı,Beceri Challenge,#Challenge (takipçi katılımlı),challenge,Yokuşta kalkış challenge – Seviye 1,Bunu yapabilir misin? Yokuşta kalkış challenge,Kurulum ölçüleri ekranda; takipçiler kendi denemesini etiketler.,Kontrol,Esnek,
133,2027-02-16,Salı,2,Kış: ekipman ve sezon planı,Topluluk,Ekipman & Bakım,ekipman,Bot seçimi (EN 13634),Bot seçimi (EN 13634): 30 saniyede,"Seçim / kontrol kriterleri, standart ve pratik ipucu.",Hazırlık,Esnek,
134,2027-02-17,Çarşamba,2,Kış: ekipman ve sezon planı,Doğru / Yanlış,Roadcraft Doğru-Yanlış,dogru_yanlis,Duran araç sırasındaki boşluktan dönen araç,Kuyruğun yanından geçiyordun,Duran sıradaki boşluk = birisi o boşluktan dönecek.,Kavşak / Gözlem,Sabit,
135,2027-02-18,Perşembe,2,Kış: ekipman ve sezon planı,Teknik Kontrol,Kapalı Alan Tekniği,teknik,Yokuşta durma ve bekleme (Seviye 1),Yokuşta durma ve bekleme: çoğu sürücü bunu yanlış yapıyor,"Kapalı alanda doğru uygulama + yaygın hata, tek ana ipucu.",Kontrol,Sabit,
136,2027-02-19,Cuma,2,Kış: ekipman ve sezon planı,Sen Olsan?,Quiz (cevap yarın),quiz,Quiz: Sarı ışıkta karar noktası,Sen olsan ne yapardın? A mı B mi?,"Ramak kala anından 1 sn önce dondur; cevap yorumlarda, çözüm yarın.",Kavşak / Hız,Sabit,113
137,2027-02-20,Cumartesi,2,Kış: ekipman ve sezon planı,Cevap + Kural,Quiz cevabı,cevap,Cevap: Sarı ışıkta karar noktası,Dünkü sorunun cevabı: yorumların %… haklıydı,Karar noktasını ışık değişmeden önce belirle; son anda karar verme.,Kavşak / Hız,Sabit,113
138,2027-02-21,Pazar,2,Kış: ekipman ve sezon planı,Tehlike Avı,Tehlike Avı,tehlike,Kırsal kavşaklar – odak: Sollama kararları,"Bu sahnede kaç tehlike var? Say, sonra izle",Roadcraft gözlem: kırsal kavşaklar ortamında tehlikeleri erken tanı (sollama kararları).,Gözlem / Sistem,Sabit,
139,2027-02-22,Pazartesi,2,Kış: ekipman ve sezon planı,Beceri Challenge,#Challenge (takipçi katılımlı),challenge,Çift sekiz – Seviye 1,Bunu yapabilir misin? Çift sekiz,Kurulum ölçüleri ekranda; takipçiler kendi denemesini etiketler.,Kontrol,Esnek,
140,2027-02-23,Salı,2,Kış: ekipman ve sezon planı,Topluluk,Mini Sınav,mini_sinav,Haftanın 3 hızlı sorusu,Bu haftayı ne kadar iyi takip ettin? 3 soru,"Haftanın Pazartesi–Cumartesi konularından 3 hızlı soru, cevaplar sonda.",Değişken,Esnek,
141,2027-02-24,Çarşamba,2,Sezon açılışı: motosiklet ve sürücü hazırlığı,Doğru / Yanlış,Roadcraft Doğru-Yanlış,dogru_yanlis,Benzinlik / otopark çıkışı,Çıkıştaki araç seni bekleyecek mi?,Çıkışlardaki aracın tekerine bak; burnu hareket ediyorsa hazırlan.,Gözlem,Sabit,
142,2027-02-25,Perşembe,2,Sezon açılışı: motosiklet ve sürücü hazırlığı,Teknik Kontrol,Kapalı Alan Tekniği,teknik,Dar U dönüşü (Seviye 1),Dar U dönüşü: çoğu sürücü bunu yanlış yapıyor,"Kapalı alanda doğru uygulama + yaygın hata, tek ana ipucu.",Kontrol,Sabit,
143,2027-02-26,Cuma,2,Sezon açılışı: motosiklet ve sürücü hazırlığı,Sen Olsan?,Quiz (cevap yarın),quiz,Quiz: Dönel kavşak giriş ve çıkış,Sen olsan ne yapardın? A mı B mi?,"Ramak kala anından 1 sn önce dondur; cevap yorumlarda, çözüm yarın.",Kavşak,Sabit,120
144,2027-02-27,Cumartesi,2,Sezon açılışı: motosiklet ve sürücü hazırlığı,Cevap + Kural,Quiz cevabı,cevap,Cevap: Dönel kavşak giriş ve çıkış,Dünkü sorunun cevabı: yorumların %… haklıydı,Girişte sol aynan + omuz; çıkışta sağ kör nokta ve sinyal.,Kavşak,Sabit,120
145,2027-02-28,Pazar,2,Sezon açılışı: motosiklet ve sürücü hazırlığı,Tehlike Avı,Tehlike Avı,tehlike,Şehir içi ana cadde – odak: Konumlanma,"Bu sahnede kaç tehlike var? Say, sonra izle",Roadcraft gözlem: şehir içi ana cadde ortamında tehlikeleri erken tanı (konumlanma).,Gözlem / Sistem,Sabit,
146,2027-03-01,Pazartesi,2,Sezon açılışı: motosiklet ve sürücü hazırlığı,Beceri Challenge,#Challenge (takipçi katılımlı),challenge,Zigzag kapı – Seviye 1,Bunu yapabilir misin? Zigzag kapı,Kurulum ölçüleri ekranda; takipçiler kendi denemesini etiketler.,Kontrol,Esnek,
147,2027-03-02,Salı,2,Sezon açılışı: motosiklet ve sürücü hazırlığı,Topluluk,Yorumlardan Soru,yorum_soru,Haftanın en çok sorulan sorusu,Bu hafta en çok bunu sordunuz,Haftanın yorum/DM analizinden seçilen soruya kısa cevap.,Değişken,Esnek,
148,2027-03-03,Çarşamba,2,Sezon açılışı: motosiklet ve sürücü hazırlığı,Doğru / Yanlış,Roadcraft Doğru-Yanlış,dogru_yanlis,Önündeki aracın U dönüşü,Sağa çekti… sonra U döndü,Sağa yanaşıp yavaşlayan araç U dönüşü yapabilir; sollama kararını ertele.,Gözlem,Sabit,
149,2027-03-04,Perşembe,2,Sezon açılışı: motosiklet ve sürücü hazırlığı,Teknik Kontrol,Kapalı Alan Tekniği,teknik,Sekiz çizme (Seviye 1),Sekiz çizme: çoğu sürücü bunu yanlış yapıyor,"Kapalı alanda doğru uygulama + yaygın hata, tek ana ipucu.",Kontrol,Sabit,
150,2027-03-05,Cuma,2,Sezon açılışı: motosiklet ve sürücü hazırlığı,Sen Olsan?,Quiz (cevap yarın),quiz,Quiz: Yeşilde ilk kalkış: kırmızıdan geçen,Sen olsan ne yapardın? A mı B mi?,"Ramak kala anından 1 sn önce dondur; cevap yorumlarda, çözüm yarın.",Kavşak / Gözlem,Sabit,127
151,2027-03-06,Cumartesi,2,Sezon açılışı: motosiklet ve sürücü hazırlığı,Cevap + Kural,Quiz cevabı,cevap,Cevap: Yeşilde ilk kalkış: kırmızıdan geçen,Dünkü sorunun cevabı: yorumların %… haklıydı,Yeşil 'yol boş' demek değil; çıkmadan önce iki yana bak.,Kavşak / Gözlem,Sabit,127
152,2027-03-07,Pazar,2,Sezon açılışı: motosiklet ve sürücü hazırlığı,Tehlike Avı,Tehlike Avı,tehlike,Mahalle arası – odak: Hız ve mesafe,"Bu sahnede kaç tehlike var? Say, sonra izle",Roadcraft gözlem: mahalle arası ortamında tehlikeleri erken tanı (hız ve mesafe).,Gözlem / Sistem,Sabit,
153,2027-03-08,Pazartesi,2,Sezon açılışı: motosiklet ve sürücü hazırlığı,Beceri Challenge,#Challenge (takipçi katılımlı),challenge,Koni topla / bırak (hassasiyet) – Seviye 1,Bunu yapabilir misin? Koni topla / bırak (hassasiyet),Kurulum ölçüleri ekranda; takipçiler kendi denemesini etiketler.,Kontrol,Esnek,
154,2027-03-09,Salı,2,Sezon açılışı: motosiklet ve sürücü hazırlığı,Topluluk,Efsane mi Gerçek mi?,efsane,Tecrübe yılla ölçülür,"'Tecrübe yılla ölçülür' Efsane mi, gerçek mi?",Yaygın inanışı Roadcraft ve veriyle değerlendir; cevabı izleyiciye önce tahmin ettir.,Değişken,Esnek,
155,2027-03-10,Çarşamba,2,Sezon açılışı: motosiklet ve sürücü hazırlığı,Doğru / Yanlış,Roadcraft Doğru-Yanlış,dogru_yanlis,Görüş sınırı (limit point),Viraj hızını kim belirler?,"Görüş sınırı yaklaşıyorsa yavaşla, uzaklaşıyorsa hızlanabilirsin.",Viraj,Sabit,
156,2027-03-11,Perşembe,2,Sezon açılışı: motosiklet ve sürücü hazırlığı,Teknik Kontrol,Kapalı Alan Tekniği,teknik,Sabit aralıklı slalom (Seviye 1),Sabit aralıklı slalom: çoğu sürücü bunu yanlış yapıyor,"Kapalı alanda doğru uygulama + yaygın hata, tek ana ipucu.",Kontrol,Sabit,
157,2027-03-12,Cuma,2,Sezon açılışı: motosiklet ve sürücü hazırlığı,Sen Olsan?,Quiz (cevap yarın),quiz,Quiz: Duran araç sırasındaki boşluktan dönen araç,Sen olsan ne yapardın? A mı B mi?,"Ramak kala anından 1 sn önce dondur; cevap yorumlarda, çözüm yarın.",Kavşak / Gözlem,Sabit,134
158,2027-03-13,Cumartesi,2,Sezon açılışı: motosiklet ve sürücü hazırlığı,Cevap + Kural,Quiz cevabı,cevap,Cevap: Duran araç sırasındaki boşluktan dönen araç,Dünkü sorunun cevabı: yorumların %… haklıydı,Duran sıradaki boşluk = birisi o boşluktan dönecek.,Kavşak / Gözlem,Sabit,134
159,2027-03-14,Pazar,2,Sezon açılışı: motosiklet ve sürücü hazırlığı,Tehlike Avı,Tehlike Avı,tehlike,Çevre yolu – odak: Tehlike tahmini,"Bu sahnede kaç tehlike var? Say, sonra izle",Roadcraft gözlem: çevre yolu ortamında tehlikeleri erken tanı (tehlike tahmini).,Gözlem / Sistem,Sabit,
160,2027-03-15,Pazartesi,2,Sezon açılışı: motosiklet ve sürücü hazırlığı,Beceri Challenge,#Challenge (takipçi katılımlı),challenge,Kapalı gözlü değil: gözler yukarı slalom – Seviye 1,Bunu yapabilir misin? Kapalı gözlü değil: gözler yukarı slalom,Kurulum ölçüleri ekranda; takipçiler kendi denemesini etiketler.,Kontrol,Esnek,
161,2027-03-16,Salı,2,Sezon açılışı: motosiklet ve sürücü hazırlığı,Topluluk,Ekipman & Bakım,ekipman,Sırt koruması (EN 1621-2),Sırt koruması (EN 1621-2): 30 saniyede,"Seçim / kontrol kriterleri, standart ve pratik ipucu.",Hazırlık,Esnek,
162,2027-03-17,Çarşamba,2,Sezon açılışı: motosiklet ve sürücü hazırlığı,Doğru / Yanlış,Roadcraft Doğru-Yanlış,dogru_yanlis,Sağa dönen virajda pozisyon,Sağa dönen virajda neden sağdasın?,Görüş için şeridin soluna (orta çizgiye güvenli mesafede) açıl.,Viraj / Konum,Sabit,
163,2027-03-18,Perşembe,2,Sezon açılışı: motosiklet ve sürücü hazırlığı,Teknik Kontrol,Kapalı Alan Tekniği,teknik,Değişken aralıklı slalom (Seviye 1),Değişken aralıklı slalom: çoğu sürücü bunu yanlış yapıyor,"Kapalı alanda doğru uygulama + yaygın hata, tek ana ipucu.",Kontrol,Sabit,
164,2027-03-19,Cuma,2,Sezon açılışı: motosiklet ve sürücü hazırlığı,Sen Olsan?,Quiz (cevap yarın),quiz,Quiz: Benzinlik / otopark çıkışı,Sen olsan ne yapardın? A mı B mi?,"Ramak kala anından 1 sn önce dondur; cevap yorumlarda, çözüm yarın.",Gözlem,Sabit,141
165,2027-03-20,Cumartesi,2,Sezon açılışı: motosiklet ve sürücü hazırlığı,Cevap + Kural,Quiz cevabı,cevap,Cevap: Benzinlik / otopark çıkışı,Dünkü sorunun cevabı: yorumların %… haklıydı,Çıkışlardaki aracın tekerine bak; burnu hareket ediyorsa hazırlan.,Gözlem,Sabit,141
166,2027-03-21,Pazar,2,Sezon açılışı: motosiklet ve sürücü hazırlığı,Tehlike Avı,Tehlike Avı,tehlike,Otoyol – odak: Sollama kararları,"Bu sahnede kaç tehlike var? Say, sonra izle",Roadcraft gözlem: otoyol ortamında tehlikeleri erken tanı (sollama kararları).,Gözlem / Sistem,Sabit,
167,2027-03-22,Pazartesi,2,Sezon açılışı: motosiklet ve sürücü hazırlığı,Beceri Challenge,#Challenge (takipçi katılımlı),challenge,Ritim slalomu – Seviye 1,Bunu yapabilir misin? Ritim slalomu,Kurulum ölçüleri ekranda; takipçiler kendi denemesini etiketler.,Kontrol,Esnek,
168,2027-03-23,Salı,2,Sezon açılışı: motosiklet ve sürücü hazırlığı,Topluluk,Mini Sınav,mini_sinav,Haftanın 3 hızlı sorusu,Bu haftayı ne kadar iyi takip ettin? 3 soru,"Haftanın Pazartesi–Cumartesi konularından 3 hızlı soru, cevaplar sonda.",Değişken,Esnek,
169,2027-03-24,Çarşamba,2,Sezon açılışı: motosiklet ve sürücü hazırlığı,Doğru / Yanlış,Roadcraft Doğru-Yanlış,dogru_yanlis,Sola dönen virajda pozisyon,Orta çizgiye yapıştın…,Sola dönen virajda şeridin sağında kal; karşıdan gelen aynası tehlike.,Viraj / Konum,Sabit,
170,2027-03-25,Perşembe,2,Sezon açılışı: motosiklet ve sürücü hazırlığı,Teknik Kontrol,Kapalı Alan Tekniği,teknik,Ofset koni geçişi (Seviye 1),Ofset koni geçişi: çoğu sürücü bunu yanlış yapıyor,"Kapalı alanda doğru uygulama + yaygın hata, tek ana ipucu.",Kontrol,Sabit,
171,2027-03-26,Cuma,2,Sezon açılışı: motosiklet ve sürücü hazırlığı,Sen Olsan?,Quiz (cevap yarın),quiz,Quiz: Önündeki aracın U dönüşü,Sen olsan ne yapardın? A mı B mi?,"Ramak kala anından 1 sn önce dondur; cevap yorumlarda, çözüm yarın.",Gözlem,Sabit,148
172,2027-03-27,Cumartesi,2,Temel becerileri tazele,Cevap + Kural,Quiz cevabı,cevap,Cevap: Önündeki aracın U dönüşü,Dünkü sorunun cevabı: yorumların %… haklıydı,Sağa yanaşıp yavaşlayan araç U dönüşü yapabilir; sollama kararını ertele.,Gözlem,Sabit,148
173,2027-03-28,Pazar,2,Temel becerileri tazele,Tehlike Avı,Tehlike Avı,tehlike,Köy yolu – odak: Gözlem,"Bu sahnede kaç tehlike var? Say, sonra izle",Roadcraft gözlem: köy yolu ortamında tehlikeleri erken tanı (gözlem).,Gözlem / Sistem,Sabit,
174,2027-03-29,Pazartesi,2,Temel becerileri tazele,Beceri Challenge,#Challenge (takipçi katılımlı),challenge,Kaçınma kapısı (renk komutu) – Seviye 1,Bunu yapabilir misin? Kaçınma kapısı (renk komutu),Kurulum ölçüleri ekranda; takipçiler kendi denemesini etiketler.,Kontrol,Esnek,
175,2027-03-30,Salı,2,Temel becerileri tazele,Topluluk,Yorumlardan Soru,yorum_soru,Haftanın en çok sorulan sorusu,Bu hafta en çok bunu sordunuz,Haftanın yorum/DM analizinden seçilen soruya kısa cevap.,Değişken,Esnek,
176,2027-03-31,Çarşamba,2,Temel becerileri tazele,Doğru / Yanlış,Roadcraft Doğru-Yanlış,dogru_yanlis,Viraj içinde fren,Virajın ortasında fren yaptın,Hız virajdan önce ayarlanır; viraj içinde gaz kontrolüyle devam.,Viraj / Sistem,Sabit,
177,2027-04-01,Perşembe,2,Temel becerileri tazele,Teknik Kontrol,Kapalı Alan Tekniği,teknik,Ani duruş + kalkış (Seviye 1),Ani duruş + kalkış: çoğu sürücü bunu yanlış yapıyor,"Kapalı alanda doğru uygulama + yaygın hata, tek ana ipucu.",Kontrol,Sabit,
178,2027-04-02,Cuma,2,Temel becerileri tazele,Sen Olsan?,Quiz (cevap yarın),quiz,Quiz: Görüş sınırı (limit point),Sen olsan ne yapardın? A mı B mi?,"Ramak kala anından 1 sn önce dondur; cevap yorumlarda, çözüm yarın.",Viraj,Sabit,155
179,2027-04-03,Cumartesi,2,Temel becerileri tazele,Cevap + Kural,Quiz cevabı,cevap,Cevap: Görüş sınırı (limit point),Dünkü sorunun cevabı: yorumların %… haklıydı,"Görüş sınırı yaklaşıyorsa yavaşla, uzaklaşıyorsa hızlanabilirsin.",Viraj,Sabit,155
180,2027-04-04,Pazar,2,Temel becerileri tazele,Tehlike Avı,Tehlike Avı,tehlike,Virajlı dağ yolu – odak: Konumlanma,"Bu sahnede kaç tehlike var? Say, sonra izle",Roadcraft gözlem: virajlı dağ yolu ortamında tehlikeleri erken tanı (konumlanma).,Gözlem / Sistem,Sabit,
181,2027-04-05,Pazartesi,2,Temel becerileri tazele,Beceri Challenge,#Challenge (takipçi katılımlı),challenge,Mini parkur zamana karşı – Seviye 1,Bunu yapabilir misin? Mini parkur zamana karşı,Kurulum ölçüleri ekranda; takipçiler kendi denemesini etiketler.,Kontrol,Esnek,
182,2027-04-06,Salı,2,Temel becerileri tazele,Topluluk,Efsane mi Gerçek mi?,efsane,Kışın lastik ısınmasa da sorun olmaz,"'Kışın lastik ısınmasa da sorun olmaz' Efsane mi, gerçek mi?",Yaygın inanışı Roadcraft ve veriyle değerlendir; cevabı izleyiciye önce tahmin ettir.,Değişken,Esnek,
183,2027-04-07,Çarşamba,2,Temel becerileri tazele,Doğru / Yanlış,Roadcraft Doğru-Yanlış,dogru_yanlis,Erken apeks,Çıkışta neden karşı şerittesin?,Erken dönüş çıkışta açılmaya zorlar; dönüş noktasını geciktir.,Viraj,Sabit,
184,2027-04-08,Perşembe,2,Temel becerileri tazele,Teknik Kontrol,Kapalı Alan Tekniği,teknik,Kör viraj pozisyonu (koni simülasyonu) (Seviye 1),Kör viraj pozisyonu (koni simülasyonu): çoğu sürücü bunu yanlış yapıyor,"Kapalı alanda doğru uygulama + yaygın hata, tek ana ipucu.",Kontrol,Sabit,
185,2027-04-09,Cuma,2,Temel becerileri tazele,Sen Olsan?,Quiz (cevap yarın),quiz,Quiz: Sağa dönen virajda pozisyon,Sen olsan ne yapardın? A mı B mi?,"Ramak kala anından 1 sn önce dondur; cevap yorumlarda, çözüm yarın.",Viraj / Konum,Sabit,162
186,2027-04-10,Cumartesi,2,Temel becerileri tazele,Cevap + Kural,Quiz cevabı,cevap,Cevap: Sağa dönen virajda pozisyon,Dünkü sorunun cevabı: yorumların %… haklıydı,Görüş için şeridin soluna (orta çizgiye güvenli mesafede) açıl.,Viraj / Konum,Sabit,162
187,2027-04-11,Pazar,2,Temel becerileri tazele,Tehlike Avı,Tehlike Avı,tehlike,Gece şehir içi – odak: Hız ve mesafe,"Bu sahnede kaç tehlike var? Say, sonra izle",Roadcraft gözlem: gece şehir içi ortamında tehlikeleri erken tanı (hız ve mesafe).,Gözlem / Sistem,Sabit,
188,2027-04-12,Pazartesi,2,Temel becerileri tazele,Beceri Challenge,#Challenge (takipçi katılımlı),challenge,Arka fren ile dönüş – Seviye 1,Bunu yapabilir misin? Arka fren ile dönüş,Kurulum ölçüleri ekranda; takipçiler kendi denemesini etiketler.,Kontrol,Esnek,
189,2027-04-13,Salı,2,Temel becerileri tazele,Topluluk,Ekipman & Bakım,ekipman,Göğüs koruması,Göğüs koruması: 30 saniyede,"Seçim / kontrol kriterleri, standart ve pratik ipucu.",Hazırlık,Esnek,
190,2027-04-14,Çarşamba,2,Temel becerileri tazele,Doğru / Yanlış,Roadcraft Doğru-Yanlış,dogru_yanlis,Virajda hedef fiksasyonu,"Bariyere baktın, bariyere gittin",Gitmek istediğin yere bak; motosiklet gözü takip eder.,Viraj / Kontrol,Sabit,
191,2027-04-15,Perşembe,2,Temel becerileri tazele,Teknik Kontrol,Kapalı Alan Tekniği,teknik,Göz tarama egzersizi (Seviye 1),Göz tarama egzersizi: çoğu sürücü bunu yanlış yapıyor,"Kapalı alanda doğru uygulama + yaygın hata, tek ana ipucu.",Kontrol,Sabit,
192,2027-04-16,Cuma,2,Temel becerileri tazele,Sen Olsan?,Quiz (cevap yarın),quiz,Quiz: Sola dönen virajda pozisyon,Sen olsan ne yapardın? A mı B mi?,"Ramak kala anından 1 sn önce dondur; cevap yorumlarda, çözüm yarın.",Viraj / Konum,Sabit,169
193,2027-04-17,Cumartesi,2,Temel becerileri tazele,Cevap + Kural,Quiz cevabı,cevap,Cevap: Sola dönen virajda pozisyon,Dünkü sorunun cevabı: yorumların %… haklıydı,Sola dönen virajda şeridin sağında kal; karşıdan gelen aynası tehlike.,Viraj / Konum,Sabit,169
194,2027-04-18,Pazar,2,Temel becerileri tazele,Tehlike Avı,Tehlike Avı,tehlike,Yağmurda şehir içi – odak: Tehlike tahmini,"Bu sahnede kaç tehlike var? Say, sonra izle",Roadcraft gözlem: yağmurda şehir içi ortamında tehlikeleri erken tanı (tehlike tahmini).,Gözlem / Sistem,Sabit,
195,2027-04-19,Pazartesi,2,Temel becerileri tazele,Beceri Challenge,#Challenge (takipçi katılımlı),challenge,Yolcu ile yavaş sürüş – Seviye 1,Bunu yapabilir misin? Yolcu ile yavaş sürüş,Kurulum ölçüleri ekranda; takipçiler kendi denemesini etiketler.,Kontrol,Esnek,
196,2027-04-20,Salı,2,Temel becerileri tazele,Topluluk,Mini Sınav,mini_sinav,Haftanın 3 hızlı sorusu,Bu haftayı ne kadar iyi takip ettin? 3 soru,"Haftanın Pazartesi–Cumartesi konularından 3 hızlı soru, cevaplar sonda.",Değişken,Esnek,
197,2027-04-21,Çarşamba,2,Temel becerileri tazele,Doğru / Yanlış,Roadcraft Doğru-Yanlış,dogru_yanlis,Azalan yarıçaplı viraj,Viraj daralmaya devam etti,Görüş sınırı yaklaşıyorsa viraj daralıyordur; erken yavaşla.,Viraj,Sabit,
198,2027-04-22,Perşembe,2,Temel becerileri tazele,Teknik Kontrol,Kapalı Alan Tekniği,teknik,Vücut pozisyonu: lean with / out / in (Seviye 1),Vücut pozisyonu: lean with / out / in: çoğu sürücü bunu yanlış yapıyor,"Kapalı alanda doğru uygulama + yaygın hata, tek ana ipucu.",Kontrol,Sabit,
199,2027-04-23,Cuma,2,Temel becerileri tazele,Sen Olsan?,Quiz (cevap yarın),quiz,Quiz: Viraj içinde fren,Sen olsan ne yapardın? A mı B mi?,"Ramak kala anından 1 sn önce dondur; cevap yorumlarda, çözüm yarın.",Viraj / Sistem,Sabit,176
200,2027-04-24,Cumartesi,2,Temel becerileri tazele,Cevap + Kural,Quiz cevabı,cevap,Cevap: Viraj içinde fren,Dünkü sorunun cevabı: yorumların %… haklıydı,Hız virajdan önce ayarlanır; viraj içinde gaz kontrolüyle devam.,Viraj / Sistem,Sabit,176
201,2027-04-25,Pazar,2,Temel becerileri tazele,Tehlike Avı,Tehlike Avı,tehlike,Okul bölgesi – odak: Sollama kararları,"Bu sahnede kaç tehlike var? Say, sonra izle",Roadcraft gözlem: okul bölgesi ortamında tehlikeleri erken tanı (sollama kararları).,Gözlem / Sistem,Sabit,
202,2027-04-26,Pazartesi,2,Viraj ayı,Beceri Challenge,#Challenge (takipçi katılımlı),challenge,U dönüşü yokuşta – Seviye 1,Bunu yapabilir misin? U dönüşü yokuşta,Kurulum ölçüleri ekranda; takipçiler kendi denemesini etiketler.,Kontrol,Esnek,
203,2027-04-27,Salı,2,Viraj ayı,Topluluk,Yorumlardan Soru,yorum_soru,Haftanın en çok sorulan sorusu,Bu hafta en çok bunu sordunuz,Haftanın yorum/DM analizinden seçilen soruya kısa cevap.,Değişken,Esnek,
204,2027-04-28,Çarşamba,2,Viraj ayı,Doğru / Yanlış,Roadcraft Doğru-Yanlış,dogru_yanlis,Viraj içinde yüzey değişimi (çakıl),Virajın çıkışında çakıl vardı,Yüzeyi viraja girmeden tara; çakıl üstünde dik ve yumuşak kal.,Viraj / Yüzey,Sabit,
205,2027-04-29,Perşembe,2,Viraj ayı,Teknik Kontrol,Kapalı Alan Tekniği,teknik,Geç apeks çizgisi (Seviye 1),Geç apeks çizgisi: çoğu sürücü bunu yanlış yapıyor,"Kapalı alanda doğru uygulama + yaygın hata, tek ana ipucu.",Kontrol,Sabit,
206,2027-04-30,Cuma,2,Viraj ayı,Sen Olsan?,Quiz (cevap yarın),quiz,Quiz: Erken apeks,Sen olsan ne yapardın? A mı B mi?,"Ramak kala anından 1 sn önce dondur; cevap yorumlarda, çözüm yarın.",Viraj,Sabit,183
207,2027-05-01,Cumartesi,2,Viraj ayı,Cevap + Kural,Quiz cevabı,cevap,Cevap: Erken apeks,Dünkü sorunun cevabı: yorumların %… haklıydı,Erken dönüş çıkışta açılmaya zorlar; dönüş noktasını geciktir.,Viraj,Sabit,183
208,2027-05-02,Pazar,2,Viraj ayı,Tehlike Avı,Tehlike Avı,tehlike,Sanayi bölgesi (ağır vasıta) – odak: Gözlem,"Bu sahnede kaç tehlike var? Say, sonra izle",Roadcraft gözlem: sanayi bölgesi (ağır vasıta) ortamında tehlikeleri erken tanı (gözlem).,Gözlem / Sistem,Sabit,
209,2027-05-03,Pazartesi,2,Viraj ayı,Beceri Challenge,#Challenge (takipçi katılımlı),challenge,Eğitmen vs takipçi: aynı parkur – Seviye 1,Bunu yapabilir misin? Eğitmen vs takipçi: aynı parkur,Kurulum ölçüleri ekranda; takipçiler kendi denemesini etiketler.,Kontrol,Esnek,
210,2027-05-04,Salı,2,Viraj ayı,Topluluk,Efsane mi Gerçek mi?,efsane,Acil durumda debriyaja asıl,"'Acil durumda debriyaja asıl' Efsane mi, gerçek mi?",Yaygın inanışı Roadcraft ve veriyle değerlendir; cevabı izleyiciye önce tahmin ettir.,Değişken,Esnek,
211,2027-05-05,Çarşamba,2,Viraj ayı,Doğru / Yanlış,Roadcraft Doğru-Yanlış,dogru_yanlis,Art arda virajlar (S virajı),İkinci virajda yanlış taraftaydın,İlk virajın çıkışı ikinci virajın girişine göre planlanır.,Viraj,Sabit,
212,2027-05-06,Perşembe,2,Viraj ayı,Teknik Kontrol,Kapalı Alan Tekniği,teknik,Fren noktası belirleme (Seviye 1),Fren noktası belirleme: çoğu sürücü bunu yanlış yapıyor,"Kapalı alanda doğru uygulama + yaygın hata, tek ana ipucu.",Kontrol,Sabit,
213,2027-05-07,Cuma,2,Viraj ayı,Sen Olsan?,Quiz (cevap yarın),quiz,Quiz: Virajda hedef fiksasyonu,Sen olsan ne yapardın? A mı B mi?,"Ramak kala anından 1 sn önce dondur; cevap yorumlarda, çözüm yarın.",Viraj / Kontrol,Sabit,190
214,2027-05-08,Cumartesi,2,Viraj ayı,Cevap + Kural,Quiz cevabı,cevap,Cevap: Virajda hedef fiksasyonu,Dünkü sorunun cevabı: yorumların %… haklıydı,Gitmek istediğin yere bak; motosiklet gözü takip eder.,Viraj / Kontrol,Sabit,190
215,2027-05-09,Pazar,2,Viraj ayı,Tehlike Avı,Tehlike Avı,tehlike,Yoğun meydan / kavşak – odak: Konumlanma,"Bu sahnede kaç tehlike var? Say, sonra izle",Roadcraft gözlem: yoğun meydan / kavşak ortamında tehlikeleri erken tanı (konumlanma).,Gözlem / Sistem,Sabit,
216,2027-05-10,Pazartesi,2,Viraj ayı,Beceri Challenge,#Challenge (takipçi katılımlı),challenge,Kapalı virajda hat seçimi – Seviye 1,Bunu yapabilir misin? Kapalı virajda hat seçimi,Kurulum ölçüleri ekranda; takipçiler kendi denemesini etiketler.,Kontrol,Esnek,
217,2027-05-11,Salı,2,Viraj ayı,Topluluk,Ekipman & Bakım,ekipman,Hava yastıklı yelek,Hava yastıklı yelek: 30 saniyede,"Seçim / kontrol kriterleri, standart ve pratik ipucu.",Hazırlık,Esnek,
218,2027-05-12,Çarşamba,2,Viraj ayı,Doğru / Yanlış,Roadcraft Doğru-Yanlış,dogru_yanlis,Kör virajda şerit kesen araç,Karşıdan gelen virajı kesti,Kör virajda orta çizgiden uzak dur; karşıdan geleni hep kesecek say.,Viraj / Konum,Sabit,
219,2027-05-13,Perşembe,2,Viraj ayı,Teknik Kontrol,Kapalı Alan Tekniği,teknik,Dönüş noktası belirleme (Seviye 1),Dönüş noktası belirleme: çoğu sürücü bunu yanlış yapıyor,"Kapalı alanda doğru uygulama + yaygın hata, tek ana ipucu.",Kontrol,Sabit,
220,2027-05-14,Cuma,2,Viraj ayı,Sen Olsan?,Quiz (cevap yarın),quiz,Quiz: Azalan yarıçaplı viraj,Sen olsan ne yapardın? A mı B mi?,"Ramak kala anından 1 sn önce dondur; cevap yorumlarda, çözüm yarın.",Viraj,Sabit,197
221,2027-05-15,Cumartesi,2,Viraj ayı,Cevap + Kural,Quiz cevabı,cevap,Cevap: Azalan yarıçaplı viraj,Dünkü sorunun cevabı: yorumların %… haklıydı,Görüş sınırı yaklaşıyorsa viraj daralıyordur; erken yavaşla.,Viraj,Sabit,197
222,2027-05-16,Pazar,2,Viraj ayı,Tehlike Avı,Tehlike Avı,tehlike,Dönel kavşak serisi – odak: Hız ve mesafe,"Bu sahnede kaç tehlike var? Say, sonra izle",Roadcraft gözlem: dönel kavşak serisi ortamında tehlikeleri erken tanı (hız ve mesafe).,Gözlem / Sistem,Sabit,
223,2027-05-17,Pazartesi,2,Viraj ayı,Beceri Challenge,#Challenge (takipçi katılımlı),challenge,Islak zemin slalom – Seviye 1,Bunu yapabilir misin? Islak zemin slalom,Kurulum ölçüleri ekranda; takipçiler kendi denemesini etiketler.,Kontrol,Esnek,
224,2027-05-18,Salı,2,Viraj ayı,Topluluk,Mini Sınav,mini_sinav,Haftanın 3 hızlı sorusu,Bu haftayı ne kadar iyi takip ettin? 3 soru,"Haftanın Pazartesi–Cumartesi konularından 3 hızlı soru, cevaplar sonda.",Değişken,Esnek,
225,2027-05-19,Çarşamba,2,Viraj ayı,Doğru / Yanlış,Roadcraft Doğru-Yanlış,dogru_yanlis,Viraja hazır vites,Viraj içinde vites aradın,"Vites, hız ve fren virajdan önce biter (Sistem'in sırası).",Sistem,Sabit,
226,2027-05-20,Perşembe,2,Viraj ayı,Teknik Kontrol,Kapalı Alan Tekniği,teknik,Devrilen motosikleti kaldırma (Seviye 1),Devrilen motosikleti kaldırma: çoğu sürücü bunu yanlış yapıyor,"Kapalı alanda doğru uygulama + yaygın hata, tek ana ipucu.",Kontrol,Sabit,
227,2027-05-21,Cuma,2,Viraj ayı,Sen Olsan?,Quiz (cevap yarın),quiz,Quiz: Viraj içinde yüzey değişimi (çakıl),Sen olsan ne yapardın? A mı B mi?,"Ramak kala anından 1 sn önce dondur; cevap yorumlarda, çözüm yarın.",Viraj / Yüzey,Sabit,204
228,2027-05-22,Cumartesi,2,Viraj ayı,Cevap + Kural,Quiz cevabı,cevap,Cevap: Viraj içinde yüzey değişimi (çakıl),Dünkü sorunun cevabı: yorumların %… haklıydı,Yüzeyi viraja girmeden tara; çakıl üstünde dik ve yumuşak kal.,Viraj / Yüzey,Sabit,204
229,2027-05-23,Pazar,2,Viraj ayı,Tehlike Avı,Tehlike Avı,tehlike,Stabilize / toprak yol – odak: Tehlike tahmini,"Bu sahnede kaç tehlike var? Say, sonra izle",Roadcraft gözlem: stabilize / toprak yol ortamında tehlikeleri erken tanı (tehlike tahmini).,Gözlem / Sistem,Sabit,
230,2027-05-24,Pazartesi,2,Viraj ayı,Beceri Challenge,#Challenge (takipçi katılımlı),challenge,Tek tekerlek izi (çizgi takip) – Seviye 1,Bunu yapabilir misin? Tek tekerlek izi (çizgi takip),Kurulum ölçüleri ekranda; takipçiler kendi denemesini etiketler.,Kontrol,Esnek,
231,2027-05-25,Salı,2,Viraj ayı,Topluluk,Yorumlardan Soru,yorum_soru,Haftanın en çok sorulan sorusu,Bu hafta en çok bunu sordunuz,Haftanın yorum/DM analizinden seçilen soruya kısa cevap.,Değişken,Esnek,
232,2027-05-26,Çarşamba,2,Viraj ayı,Doğru / Yanlış,Roadcraft Doğru-Yanlış,dogru_yanlis,Viraj içinde ani gaz kesme,"Gazı kestin, motosiklet içeri kapandı",Viraj içinde gaz sabit ya da hafif açık; ani kesme ağırlığı öne atar.,Viraj / Kontrol,Sabit,
233,2027-05-27,Perşembe,2,Uzun yol ve tur,Teknik Kontrol,Kapalı Alan Tekniği,teknik,Motosikleti itme ve park manevrası (Seviye 1),Motosikleti itme ve park manevrası: çoğu sürücü bunu yanlış yapıyor,"Kapalı alanda doğru uygulama + yaygın hata, tek ana ipucu.",Kontrol,Sabit,
234,2027-05-28,Cuma,2,Uzun yol ve tur,Sen Olsan?,Quiz (cevap yarın),quiz,Quiz: Art arda virajlar (S virajı),Sen olsan ne yapardın? A mı B mi?,"Ramak kala anından 1 sn önce dondur; cevap yorumlarda, çözüm yarın.",Viraj,Sabit,211
235,2027-05-29,Cumartesi,2,Uzun yol ve tur,Cevap + Kural,Quiz cevabı,cevap,Cevap: Art arda virajlar (S virajı),Dünkü sorunun cevabı: yorumların %… haklıydı,İlk virajın çıkışı ikinci virajın girişine göre planlanır.,Viraj,Sabit,211
236,2027-05-30,Pazar,2,Uzun yol ve tur,Tehlike Avı,Tehlike Avı,tehlike,Tünel ve köprü – odak: Sollama kararları,"Bu sahnede kaç tehlike var? Say, sonra izle",Roadcraft gözlem: tünel ve köprü ortamında tehlikeleri erken tanı (sollama kararları).,Gözlem / Sistem,Sabit,
237,2027-05-31,Pazartesi,2,Uzun yol ve tur,Beceri Challenge,#Challenge (takipçi katılımlı),challenge,Aylık büyük parkur – Seviye 1,Bunu yapabilir misin? Aylık büyük parkur,Kurulum ölçüleri ekranda; takipçiler kendi denemesini etiketler.,Kontrol,Esnek,
238,2027-06-01,Salı,2,Uzun yol ve tur,Topluluk,Efsane mi Gerçek mi?,efsane,Gündüz farı görünürlüğü garantiler,"'Gündüz farı görünürlüğü garantiler' Efsane mi, gerçek mi?",Yaygın inanışı Roadcraft ve veriyle değerlendir; cevabı izleyiciye önce tahmin ettir.,Değişken,Esnek,
239,2027-06-02,Çarşamba,2,Uzun yol ve tur,Doğru / Yanlış,Roadcraft Doğru-Yanlış,dogru_yanlis,Park halindeki araçlar: kapı mesafesi,Kapı açılsaydı?,Park eden araçlardan en az bir kapı genişliği uzak dur.,Konum,Sabit,
240,2027-06-03,Perşembe,2,Uzun yol ve tur,Teknik Kontrol,Kapalı Alan Tekniği,teknik,Yan sehpa ve kalkış güvenliği (Seviye 1),Yan sehpa ve kalkış güvenliği: çoğu sürücü bunu yanlış yapıyor,"Kapalı alanda doğru uygulama + yaygın hata, tek ana ipucu.",Kontrol,Sabit,
241,2027-06-04,Cuma,2,Uzun yol ve tur,Sen Olsan?,Quiz (cevap yarın),quiz,Quiz: Kör virajda şerit kesen araç,Sen olsan ne yapardın? A mı B mi?,"Ramak kala anından 1 sn önce dondur; cevap yorumlarda, çözüm yarın.",Viraj / Konum,Sabit,218
242,2027-06-05,Cumartesi,2,Uzun yol ve tur,Cevap + Kural,Quiz cevabı,cevap,Cevap: Kör virajda şerit kesen araç,Dünkü sorunun cevabı: yorumların %… haklıydı,Kör virajda orta çizgiden uzak dur; karşıdan geleni hep kesecek say.,Viraj / Konum,Sabit,218
243,2027-06-06,Pazar,2,Uzun yol ve tur,Tehlike Avı,Tehlike Avı,tehlike,Yol çalışması güzergâhı – odak: Gözlem,"Bu sahnede kaç tehlike var? Say, sonra izle",Roadcraft gözlem: yol çalışması güzergâhı ortamında tehlikeleri erken tanı (gözlem).,Gözlem / Sistem,Sabit,
244,2027-06-07,Pazartesi,2,Uzun yol ve tur,Beceri Challenge,#Challenge (takipçi katılımlı),challenge,Koni slalomu – Seviye 2,Bunu yapabilir misin? Koni slalomu,Kurulum ölçüleri ekranda; takipçiler kendi denemesini etiketler.,Kontrol,Esnek,
245,2027-06-08,Salı,2,Uzun yol ve tur,Topluluk,Ekipman & Bakım,ekipman,Görünürlük ve reflektör,Görünürlük ve reflektör: 30 saniyede,"Seçim / kontrol kriterleri, standart ve pratik ipucu.",Hazırlık,Esnek,
246,2027-06-09,Çarşamba,2,Uzun yol ve tur,Doğru / Yanlış,Roadcraft Doğru-Yanlış,dogru_yanlis,Kamyon arkasında takip,Kamyonun arkasında görünmezsin,Uzun aracın arkasında mesafe aç; hem gör hem görün.,Konum / Gözlem,Sabit,
247,2027-06-10,Perşembe,2,Uzun yol ve tur,Teknik Kontrol,Kapalı Alan Tekniği,teknik,Yolcu ile denge (Seviye 1),Yolcu ile denge: çoğu sürücü bunu yanlış yapıyor,"Kapalı alanda doğru uygulama + yaygın hata, tek ana ipucu.",Kontrol,Sabit,
248,2027-06-11,Cuma,2,Uzun yol ve tur,Sen Olsan?,Quiz (cevap yarın),quiz,Quiz: Viraja hazır vites,Sen olsan ne yapardın? A mı B mi?,"Ramak kala anından 1 sn önce dondur; cevap yorumlarda, çözüm yarın.",Sistem,Sabit,225
249,2027-06-12,Cumartesi,2,Uzun yol ve tur,Cevap + Kural,Quiz cevabı,cevap,Cevap: Viraja hazır vites,Dünkü sorunun cevabı: yorumların %… haklıydı,"Vites, hız ve fren virajdan önce biter (Sistem'in sırası).",Sistem,Sabit,225
250,2027-06-13,Pazar,2,Uzun yol ve tur,Tehlike Avı,Tehlike Avı,tehlike,Pazar yeri / kalabalık cadde – odak: Konumlanma,"Bu sahnede kaç tehlike var? Say, sonra izle",Roadcraft gözlem: pazar yeri / kalabalık cadde ortamında tehlikeleri erken tanı (konumlanma).,Gözlem / Sistem,Sabit,
251,2027-06-14,Pazartesi,2,Uzun yol ve tur,Beceri Challenge,#Challenge (takipçi katılımlı),challenge,En yavaş 10 metre – Seviye 2,Bunu yapabilir misin? En yavaş 10 metre,Kurulum ölçüleri ekranda; takipçiler kendi denemesini etiketler.,Kontrol,Esnek,
252,2027-06-15,Salı,2,Uzun yol ve tur,Topluluk,Mini Sınav,mini_sinav,Haftanın 3 hızlı sorusu,Bu haftayı ne kadar iyi takip ettin? 3 soru,"Haftanın Pazartesi–Cumartesi konularından 3 hızlı soru, cevaplar sonda.",Değişken,Esnek,
253,2027-06-16,Çarşamba,2,Uzun yol ve tur,Doğru / Yanlış,Roadcraft Doğru-Yanlış,dogru_yanlis,Otomobilin kör noktasında gitmek,Sürücünün aynasında yoksun,Yanındaki aracın kör noktasında oyalanma; ya geç ya geri kal.,Konum,Sabit,
254,2027-06-17,Perşembe,2,Uzun yol ve tur,Teknik Kontrol,Kapalı Alan Tekniği,teknik,Yük ile denge (Seviye 1),Yük ile denge: çoğu sürücü bunu yanlış yapıyor,"Kapalı alanda doğru uygulama + yaygın hata, tek ana ipucu.",Kontrol,Sabit,
255,2027-06-18,Cuma,2,Uzun yol ve tur,Sen Olsan?,Quiz (cevap yarın),quiz,Quiz: Viraj içinde ani gaz kesme,Sen olsan ne yapardın? A mı B mi?,"Ramak kala anından 1 sn önce dondur; cevap yorumlarda, çözüm yarın.",Viraj / Kontrol,Sabit,232
256,2027-06-19,Cumartesi,2,Uzun yol ve tur,Cevap + Kural,Quiz cevabı,cevap,Cevap: Viraj içinde ani gaz kesme,Dünkü sorunun cevabı: yorumların %… haklıydı,Viraj içinde gaz sabit ya da hafif açık; ani kesme ağırlığı öne atar.,Viraj / Kontrol,Sabit,232
257,2027-06-20,Pazar,2,Uzun yol ve tur,Tehlike Avı,Tehlike Avı,tehlike,Tatil yolu – odak: Hız ve mesafe,"Bu sahnede kaç tehlike var? Say, sonra izle",Roadcraft gözlem: tatil yolu ortamında tehlikeleri erken tanı (hız ve mesafe).,Gözlem / Sistem,Sabit,
258,2027-06-21,Pazartesi,2,Uzun yol ve tur,Beceri Challenge,#Challenge (takipçi katılımlı),challenge,Dar U dönüşü – Seviye 2,Bunu yapabilir misin? Dar U dönüşü,Kurulum ölçüleri ekranda; takipçiler kendi denemesini etiketler.,Kontrol,Esnek,
259,2027-06-22,Salı,2,Uzun yol ve tur,Topluluk,Yorumlardan Soru,yorum_soru,Haftanın en çok sorulan sorusu,Bu hafta en çok bunu sordunuz,Haftanın yorum/DM analizinden seçilen soruya kısa cevap.,Değişken,Esnek,
260,2027-06-23,Çarşamba,2,Uzun yol ve tur,Doğru / Yanlış,Roadcraft Doğru-Yanlış,dogru_yanlis,Şerit içi pozisyon ve yağlı orta,Şeridin ortası neden koyu?,"Şerit içi pozisyon görüş, görünürlük ve yüzeye göre seçilir.",Konum,Sabit,
261,2027-06-24,Perşembe,2,Uzun yol ve tur,Teknik Kontrol,Kapalı Alan Tekniği,teknik,Islak zeminde fren (Seviye 1),Islak zeminde fren: çoğu sürücü bunu yanlış yapıyor,"Kapalı alanda doğru uygulama + yaygın hata, tek ana ipucu.",Kontrol,Sabit,
262,2027-06-25,Cuma,2,Uzun yol ve tur,Sen Olsan?,Quiz (cevap yarın),quiz,Quiz: Park halindeki araçlar: kapı mesafesi,Sen olsan ne yapardın? A mı B mi?,"Ramak kala anından 1 sn önce dondur; cevap yorumlarda, çözüm yarın.",Konum,Sabit,239
263,2027-06-26,Cumartesi,2,"Sıcak, yorgunluk, grup sürüşü",Cevap + Kural,Quiz cevabı,cevap,Cevap: Park halindeki araçlar: kapı mesafesi,Dünkü sorunun cevabı: yorumların %… haklıydı,Park eden araçlardan en az bir kapı genişliği uzak dur.,Konum,Sabit,239
264,2027-06-27,Pazar,2,"Sıcak, yorgunluk, grup sürüşü",Tehlike Avı,Tehlike Avı,tehlike,Sabah işe gidiş trafiği – odak: Tehlike tahmini,"Bu sahnede kaç tehlike var? Say, sonra izle",Roadcraft gözlem: sabah işe gidiş trafiği ortamında tehlikeleri erken tanı (tehlike tahmini).,Gözlem / Sistem,Sabit,
265,2027-06-28,Pazartesi,2,"Sıcak, yorgunluk, grup sürüşü",Beceri Challenge,#Challenge (takipçi katılımlı),challenge,Sekiz çizme – Seviye 2,Bunu yapabilir misin? Sekiz çizme,Kurulum ölçüleri ekranda; takipçiler kendi denemesini etiketler.,Kontrol,Esnek,
266,2027-06-29,Salı,2,"Sıcak, yorgunluk, grup sürüşü",Topluluk,Efsane mi Gerçek mi?,efsane,Ağır motosiklet daha güvenlidir,"'Ağır motosiklet daha güvenlidir' Efsane mi, gerçek mi?",Yaygın inanışı Roadcraft ve veriyle değerlendir; cevabı izleyiciye önce tahmin ettir.,Değişken,Esnek,
267,2027-06-30,Çarşamba,2,"Sıcak, yorgunluk, grup sürüşü",Doğru / Yanlış,Roadcraft Doğru-Yanlış,dogru_yanlis,Önündeki aracın tekerine bakmak,Sinyal vermedi ama teker döndü,Tekerin yönü niyeti sinyalden önce söyler.,Gözlem,Sabit,
268,2027-07-01,Perşembe,2,"Sıcak, yorgunluk, grup sürüşü",Teknik Kontrol,Kapalı Alan Tekniği,teknik,Çakıl üstünde sürüş (Seviye 1),Çakıl üstünde sürüş: çoğu sürücü bunu yanlış yapıyor,"Kapalı alanda doğru uygulama + yaygın hata, tek ana ipucu.",Kontrol,Sabit,
269,2027-07-02,Cuma,2,"Sıcak, yorgunluk, grup sürüşü",Sen Olsan?,Quiz (cevap yarın),quiz,Quiz: Kamyon arkasında takip,Sen olsan ne yapardın? A mı B mi?,"Ramak kala anından 1 sn önce dondur; cevap yorumlarda, çözüm yarın.",Konum / Gözlem,Sabit,246
270,2027-07-03,Cumartesi,2,"Sıcak, yorgunluk, grup sürüşü",Cevap + Kural,Quiz cevabı,cevap,Cevap: Kamyon arkasında takip,Dünkü sorunun cevabı: yorumların %… haklıydı,Uzun aracın arkasında mesafe aç; hem gör hem görün.,Konum / Gözlem,Sabit,246
271,2027-07-04,Pazar,2,"Sıcak, yorgunluk, grup sürüşü",Tehlike Avı,Tehlike Avı,tehlike,Gün batımı (karşıdan güneş) – odak: Sollama kararları,"Bu sahnede kaç tehlike var? Say, sonra izle",Roadcraft gözlem: gün batımı (karşıdan güneş) ortamında tehlikeleri erken tanı (sollama kararları).,Gözlem / Sistem,Sabit,
272,2027-07-05,Pazartesi,2,"Sıcak, yorgunluk, grup sürüşü",Beceri Challenge,#Challenge (takipçi katılımlı),challenge,Acil fren noktası – Seviye 2,Bunu yapabilir misin? Acil fren noktası,Kurulum ölçüleri ekranda; takipçiler kendi denemesini etiketler.,Kontrol,Esnek,
273,2027-07-06,Salı,2,"Sıcak, yorgunluk, grup sürüşü",Topluluk,Ekipman & Bakım,ekipman,Yağmurluk seçimi,Yağmurluk seçimi: 30 saniyede,"Seçim / kontrol kriterleri, standart ve pratik ipucu.",Hazırlık,Esnek,
274,2027-07-07,Çarşamba,2,"Sıcak, yorgunluk, grup sürüşü",Doğru / Yanlış,Roadcraft Doğru-Yanlış,dogru_yanlis,Uzak–orta–yakın gözlem taraması,Sadece önündeki araca bakıyordun,Gözlem uzaktan başlar; ön tampona kilitlenme.,Gözlem,Sabit,
275,2027-07-08,Perşembe,2,"Sıcak, yorgunluk, grup sürüşü",Teknik Kontrol,Kapalı Alan Tekniği,teknik,Ayakta frenleme (Seviye 1),Ayakta frenleme: çoğu sürücü bunu yanlış yapıyor,"Kapalı alanda doğru uygulama + yaygın hata, tek ana ipucu.",Kontrol,Sabit,
276,2027-07-09,Cuma,2,"Sıcak, yorgunluk, grup sürüşü",Sen Olsan?,Quiz (cevap yarın),quiz,Quiz: Otomobilin kör noktasında gitmek,Sen olsan ne yapardın? A mı B mi?,"Ramak kala anından 1 sn önce dondur; cevap yorumlarda, çözüm yarın.",Konum,Sabit,253
277,2027-07-10,Cumartesi,2,"Sıcak, yorgunluk, grup sürüşü",Cevap + Kural,Quiz cevabı,cevap,Cevap: Otomobilin kör noktasında gitmek,Dünkü sorunun cevabı: yorumların %… haklıydı,Yanındaki aracın kör noktasında oyalanma; ya geç ya geri kal.,Konum,Sabit,253
278,2027-07-11,Pazar,2,"Sıcak, yorgunluk, grup sürüşü",Tehlike Avı,Tehlike Avı,tehlike,Kırsal kavşaklar – odak: Gözlem,"Bu sahnede kaç tehlike var? Say, sonra izle",Roadcraft gözlem: kırsal kavşaklar ortamında tehlikeleri erken tanı (gözlem).,Gözlem / Sistem,Sabit,
279,2027-07-12,Pazartesi,2,"Sıcak, yorgunluk, grup sürüşü",Beceri Challenge,#Challenge (takipçi katılımlı),challenge,Ofset slalom – Seviye 2,Bunu yapabilir misin? Ofset slalom,Kurulum ölçüleri ekranda; takipçiler kendi denemesini etiketler.,Kontrol,Esnek,
280,2027-07-13,Salı,2,"Sıcak, yorgunluk, grup sürüşü",Topluluk,Mini Sınav,mini_sinav,Haftanın 3 hızlı sorusu,Bu haftayı ne kadar iyi takip ettin? 3 soru,"Haftanın Pazartesi–Cumartesi konularından 3 hızlı soru, cevaplar sonda.",Değişken,Esnek,
281,2027-07-14,Çarşamba,2,"Sıcak, yorgunluk, grup sürüşü",Doğru / Yanlış,Roadcraft Doğru-Yanlış,dogru_yanlis,Park halindeki araçların arasından çıkan çocuk,Top yola çıktı…,Topun arkasından çocuk gelir; yerleşimde hız ve pozisyon buna göre.,Gözlem / Hız,Sabit,
282,2027-07-15,Perşembe,2,"Sıcak, yorgunluk, grup sürüşü",Teknik Kontrol,Kapalı Alan Tekniği,teknik,Tek el sürüş (el işareti) (Seviye 1),Tek el sürüş (el işareti): çoğu sürücü bunu yanlış yapıyor,"Kapalı alanda doğru uygulama + yaygın hata, tek ana ipucu.",Kontrol,Sabit,
283,2027-07-16,Cuma,2,"Sıcak, yorgunluk, grup sürüşü",Sen Olsan?,Quiz (cevap yarın),quiz,Quiz: Şerit içi pozisyon ve yağlı orta,Sen olsan ne yapardın? A mı B mi?,"Ramak kala anından 1 sn önce dondur; cevap yorumlarda, çözüm yarın.",Konum,Sabit,260
284,2027-07-17,Cumartesi,2,"Sıcak, yorgunluk, grup sürüşü",Cevap + Kural,Quiz cevabı,cevap,Cevap: Şerit içi pozisyon ve yağlı orta,Dünkü sorunun cevabı: yorumların %… haklıydı,"Şerit içi pozisyon görüş, görünürlük ve yüzeye göre seçilir.",Konum,Sabit,260
285,2027-07-18,Pazar,2,"Sıcak, yorgunluk, grup sürüşü",Tehlike Avı,Tehlike Avı,tehlike,Şehir içi ana cadde – odak: Hız ve mesafe,"Bu sahnede kaç tehlike var? Say, sonra izle",Roadcraft gözlem: şehir içi ana cadde ortamında tehlikeleri erken tanı (hız ve mesafe).,Gözlem / Sistem,Sabit,
286,2027-07-19,Pazartesi,2,"Sıcak, yorgunluk, grup sürüşü",Beceri Challenge,#Challenge (takipçi katılımlı),challenge,Kutu (box) dönüşü – Seviye 2,Bunu yapabilir misin? Kutu (box) dönüşü,Kurulum ölçüleri ekranda; takipçiler kendi denemesini etiketler.,Kontrol,Esnek,
287,2027-07-20,Salı,2,"Sıcak, yorgunluk, grup sürüşü",Topluluk,Yorumlardan Soru,yorum_soru,Haftanın en çok sorulan sorusu,Bu hafta en çok bunu sordunuz,Haftanın yorum/DM analizinden seçilen soruya kısa cevap.,Değişken,Esnek,
288,2027-07-21,Çarşamba,2,"Sıcak, yorgunluk, grup sürüşü",Doğru / Yanlış,Roadcraft Doğru-Yanlış,dogru_yanlis,Otobüs durağı önü,Otobüsün önünden yaya çıktı,Duran otobüs = önünden geçecek yaya; yavaşla ve açıl.,Gözlem,Sabit,
289,2027-07-22,Perşembe,2,"Sıcak, yorgunluk, grup sürüşü",Teknik Kontrol,Kapalı Alan Tekniği,teknik,Omuz kontrolü sırasında hat koruma (Seviye 1),Omuz kontrolü sırasında hat koruma: çoğu sürücü bunu yanlış yapıyor,"Kapalı alanda doğru uygulama + yaygın hata, tek ana ipucu.",Kontrol,Sabit,
290,2027-07-23,Cuma,2,"Sıcak, yorgunluk, grup sürüşü",Sen Olsan?,Quiz (cevap yarın),quiz,Quiz: Önündeki aracın tekerine bakmak,Sen olsan ne yapardın? A mı B mi?,"Ramak kala anından 1 sn önce dondur; cevap yorumlarda, çözüm yarın.",Gözlem,Sabit,267
291,2027-07-24,Cumartesi,2,"Sıcak, yorgunluk, grup sürüşü",Cevap + Kural,Quiz cevabı,cevap,Cevap: Önündeki aracın tekerine bakmak,Dünkü sorunun cevabı: yorumların %… haklıydı,Tekerin yönü niyeti sinyalden önce söyler.,Gözlem,Sabit,267
292,2027-07-25,Pazar,2,"Sıcak, yorgunluk, grup sürüşü",Tehlike Avı,Tehlike Avı,tehlike,Mahalle arası – odak: Tehlike tahmini,"Bu sahnede kaç tehlike var? Say, sonra izle",Roadcraft gözlem: mahalle arası ortamında tehlikeleri erken tanı (tehlike tahmini).,Gözlem / Sistem,Sabit,
293,2027-07-26,Pazartesi,2,"Sıcak, yorgunluk, grup sürüşü",Beceri Challenge,#Challenge (takipçi katılımlı),challenge,Tek koni etrafında dönüş – Seviye 2,Bunu yapabilir misin? Tek koni etrafında dönüş,Kurulum ölçüleri ekranda; takipçiler kendi denemesini etiketler.,Kontrol,Esnek,
294,2027-07-27,Salı,2,"Tatil yolu, yolcu ve yük",Topluluk,Efsane mi Gerçek mi?,efsane,Düşük hızda düşmek önemsizdir,"'Düşük hızda düşmek önemsizdir' Efsane mi, gerçek mi?",Yaygın inanışı Roadcraft ve veriyle değerlendir; cevabı izleyiciye önce tahmin ettir.,Değişken,Esnek,
295,2027-07-28,Çarşamba,2,"Tatil yolu, yolcu ve yük",Doğru / Yanlış,Roadcraft Doğru-Yanlış,dogru_yanlis,Sağda duran aracın önünden çıkan yaya,Araç neden durdu?,Duran aracın önü kör alandır; yaya varsay.,Gözlem,Sabit,
296,2027-07-29,Perşembe,2,"Tatil yolu, yolcu ve yük",Teknik Kontrol,Kapalı Alan Tekniği,teknik,Ayna kontrolü sırasında hat koruma (Seviye 1),Ayna kontrolü sırasında hat koruma: çoğu sürücü bunu yanlış yapıyor,"Kapalı alanda doğru uygulama + yaygın hata, tek ana ipucu.",Kontrol,Sabit,
297,2027-07-30,Cuma,2,"Tatil yolu, yolcu ve yük",Sen Olsan?,Quiz (cevap yarın),quiz,Quiz: Uzak–orta–yakın gözlem taraması,Sen olsan ne yapardın? A mı B mi?,"Ramak kala anından 1 sn önce dondur; cevap yorumlarda, çözüm yarın.",Gözlem,Sabit,274
298,2027-07-31,Cumartesi,2,"Tatil yolu, yolcu ve yük",Cevap + Kural,Quiz cevabı,cevap,Cevap: Uzak–orta–yakın gözlem taraması,Dünkü sorunun cevabı: yorumların %… haklıydı,Gözlem uzaktan başlar; ön tampona kilitlenme.,Gözlem,Sabit,274
299,2027-08-01,Pazar,2,"Tatil yolu, yolcu ve yük",Tehlike Avı,Tehlike Avı,tehlike,Çevre yolu – odak: Sollama kararları,"Bu sahnede kaç tehlike var? Say, sonra izle",Roadcraft gözlem: çevre yolu ortamında tehlikeleri erken tanı (sollama kararları).,Gözlem / Sistem,Sabit,
300,2027-08-02,Pazartesi,2,"Tatil yolu, yolcu ve yük",Beceri Challenge,#Challenge (takipçi katılımlı),challenge,Gymkhana mini parkur – Seviye 2,Bunu yapabilir misin? Gymkhana mini parkur,Kurulum ölçüleri ekranda; takipçiler kendi denemesini etiketler.,Kontrol,Esnek,
301,2027-08-03,Salı,2,"Tatil yolu, yolcu ve yük",Topluluk,Ekipman & Bakım,ekipman,Kış katmanlama,Kış katmanlama: 30 saniyede,"Seçim / kontrol kriterleri, standart ve pratik ipucu.",Hazırlık,Esnek,
302,2027-08-04,Çarşamba,2,"Tatil yolu, yolcu ve yük",Doğru / Yanlış,Roadcraft Doğru-Yanlış,dogru_yanlis,Karşıdan güneş,Güneş tam gözündeydi; karşıdaki sürücünün de,Güneşli saatte seni karşıdan göremezler; pozisyon ve hız buna göre.,Gözlem / Çevre,Sabit,
303,2027-08-05,Perşembe,2,"Tatil yolu, yolcu ve yük",Teknik Kontrol,Kapalı Alan Tekniği,teknik,Eğitimde intercom kullanımı (Seviye 1),Eğitimde intercom kullanımı: çoğu sürücü bunu yanlış yapıyor,"Kapalı alanda doğru uygulama + yaygın hata, tek ana ipucu.",Kontrol,Sabit,
304,2027-08-06,Cuma,2,"Tatil yolu, yolcu ve yük",Sen Olsan?,Quiz (cevap yarın),quiz,Quiz: Park halindeki araçların arasından çıkan çocuk,Sen olsan ne yapardın? A mı B mi?,"Ramak kala anından 1 sn önce dondur; cevap yorumlarda, çözüm yarın.",Gözlem / Hız,Sabit,281
305,2027-08-07,Cumartesi,2,"Tatil yolu, yolcu ve yük",Cevap + Kural,Quiz cevabı,cevap,Cevap: Park halindeki araçların arasından çıkan çocuk,Dünkü sorunun cevabı: yorumların %… haklıydı,Topun arkasından çocuk gelir; yerleşimde hız ve pozisyon buna göre.,Gözlem / Hız,Sabit,281
306,2027-08-08,Pazar,2,"Tatil yolu, yolcu ve yük",Tehlike Avı,Tehlike Avı,tehlike,Otoyol – odak: Gözlem,"Bu sahnede kaç tehlike var? Say, sonra izle",Roadcraft gözlem: otoyol ortamında tehlikeleri erken tanı (gözlem).,Gözlem / Sistem,Sabit,
307,2027-08-09,Pazartesi,2,"Tatil yolu, yolcu ve yük",Beceri Challenge,#Challenge (takipçi katılımlı),challenge,Fren + kaçınma – Seviye 2,Bunu yapabilir misin? Fren + kaçınma,Kurulum ölçüleri ekranda; takipçiler kendi denemesini etiketler.,Kontrol,Esnek,
308,2027-08-10,Salı,2,"Tatil yolu, yolcu ve yük",Topluluk,Mini Sınav,mini_sinav,Haftanın 3 hızlı sorusu,Bu haftayı ne kadar iyi takip ettin? 3 soru,"Haftanın Pazartesi–Cumartesi konularından 3 hızlı soru, cevaplar sonda.",Değişken,Esnek,
309,2027-08-11,Çarşamba,2,"Tatil yolu, yolcu ve yük",Doğru / Yanlış,Roadcraft Doğru-Yanlış,dogru_yanlis,Tünel giriş ve çıkışı,Tünele girince bir an kör oldun,Göz uyumu için önceden yavaşla; vizörü temiz tut.,Gözlem / Çevre,Sabit,
310,2027-08-12,Perşembe,2,"Tatil yolu, yolcu ve yük",Teknik Kontrol,Kapalı Alan Tekniği,teknik,Gözler yukarı: düşük hız dengesi (Seviye 1),Gözler yukarı: düşük hız dengesi: çoğu sürücü bunu yanlış yapıyor,"Kapalı alanda doğru uygulama + yaygın hata, tek ana ipucu.",Kontrol,Sabit,
311,2027-08-13,Cuma,2,"Tatil yolu, yolcu ve yük",Sen Olsan?,Quiz (cevap yarın),quiz,Quiz: Otobüs durağı önü,Sen olsan ne yapardın? A mı B mi?,"Ramak kala anından 1 sn önce dondur; cevap yorumlarda, çözüm yarın.",Gözlem,Sabit,288
312,2027-08-14,Cumartesi,2,"Tatil yolu, yolcu ve yük",Cevap + Kural,Quiz cevabı,cevap,Cevap: Otobüs durağı önü,Dünkü sorunun cevabı: yorumların %… haklıydı,Duran otobüs = önünden geçecek yaya; yavaşla ve açıl.,Gözlem,Sabit,288
313,2027-08-15,Pazar,2,"Tatil yolu, yolcu ve yük",Tehlike Avı,Tehlike Avı,tehlike,Köy yolu – odak: Konumlanma,"Bu sahnede kaç tehlike var? Say, sonra izle",Roadcraft gözlem: köy yolu ortamında tehlikeleri erken tanı (konumlanma).,Gözlem / Sistem,Sabit,
314,2027-08-16,Pazartesi,2,"Tatil yolu, yolcu ve yük",Beceri Challenge,#Challenge (takipçi katılımlı),challenge,Yavaş slalom – Seviye 2,Bunu yapabilir misin? Yavaş slalom,Kurulum ölçüleri ekranda; takipçiler kendi denemesini etiketler.,Kontrol,Esnek,
315,2027-08-17,Salı,2,"Tatil yolu, yolcu ve yük",Topluluk,Yorumlardan Soru,yorum_soru,Haftanın en çok sorulan sorusu,Bu hafta en çok bunu sordunuz,Haftanın yorum/DM analizinden seçilen soruya kısa cevap.,Değişken,Esnek,
316,2027-08-18,Çarşamba,2,"Tatil yolu, yolcu ve yük",Doğru / Yanlış,Roadcraft Doğru-Yanlış,dogru_yanlis,Fren öncesi ayna,"Fren yaptın, arkandaki telefondaydı",Fren öncesi ayna: arkandakinin durabilecek mesafede olduğunu bil.,Sistem / Gözlem,Sabit,
317,2027-08-19,Perşembe,2,"Tatil yolu, yolcu ve yük",Teknik Kontrol,Kapalı Alan Tekniği,teknik,Debriyaj ve fren kolu ayarı (Seviye 1),Debriyaj ve fren kolu ayarı: çoğu sürücü bunu yanlış yapıyor,"Kapalı alanda doğru uygulama + yaygın hata, tek ana ipucu.",Kontrol,Sabit,
318,2027-08-20,Cuma,2,"Tatil yolu, yolcu ve yük",Sen Olsan?,Quiz (cevap yarın),quiz,Quiz: Sağda duran aracın önünden çıkan yaya,Sen olsan ne yapardın? A mı B mi?,"Ramak kala anından 1 sn önce dondur; cevap yorumlarda, çözüm yarın.",Gözlem,Sabit,295
319,2027-08-21,Cumartesi,2,"Tatil yolu, yolcu ve yük",Cevap + Kural,Quiz cevabı,cevap,Cevap: Sağda duran aracın önünden çıkan yaya,Dünkü sorunun cevabı: yorumların %… haklıydı,Duran aracın önü kör alandır; yaya varsay.,Gözlem,Sabit,295
320,2027-08-22,Pazar,2,"Tatil yolu, yolcu ve yük",Tehlike Avı,Tehlike Avı,tehlike,Virajlı dağ yolu – odak: Hız ve mesafe,"Bu sahnede kaç tehlike var? Say, sonra izle",Roadcraft gözlem: virajlı dağ yolu ortamında tehlikeleri erken tanı (hız ve mesafe).,Gözlem / Sistem,Sabit,
321,2027-08-23,Pazartesi,2,"Tatil yolu, yolcu ve yük",Beceri Challenge,#Challenge (takipçi katılımlı),challenge,Kafa çevirme ile 90° dönüş – Seviye 2,Bunu yapabilir misin? Kafa çevirme ile 90° dönüş,Kurulum ölçüleri ekranda; takipçiler kendi denemesini etiketler.,Kontrol,Esnek,
322,2027-08-24,Salı,2,"Tatil yolu, yolcu ve yük",Topluluk,Efsane mi Gerçek mi?,efsane,"Spor ayakkabı yeter, bot gereksiz","'Spor ayakkabı yeter, bot gereksiz' Efsane mi, gerçek mi?",Yaygın inanışı Roadcraft ve veriyle değerlendir; cevabı izleyiciye önce tahmin ettir.,Değişken,Esnek,
323,2027-08-25,Çarşamba,2,"Tatil yolu, yolcu ve yük",Doğru / Yanlış,Roadcraft Doğru-Yanlış,dogru_yanlis,2 saniye kuralı,Önündeki araca ne kadar yakınsın?,"Sabit bir noktadan 'bin bir, bin iki' say; 2 sn'den kısa ise geri çekil.",Hız / Mesafe,Sabit,
324,2027-08-26,Perşembe,2,"Tatil yolu, yolcu ve yük",Teknik Kontrol,Kapalı Alan Tekniği,teknik,Sürüş pozisyonu ergonomisi (Seviye 1),Sürüş pozisyonu ergonomisi: çoğu sürücü bunu yanlış yapıyor,"Kapalı alanda doğru uygulama + yaygın hata, tek ana ipucu.",Kontrol,Sabit,
325,2027-08-27,Cuma,2,Okullar açıldı: şehir trafiği,Sen Olsan?,Quiz (cevap yarın),quiz,Quiz: Karşıdan güneş,Sen olsan ne yapardın? A mı B mi?,"Ramak kala anından 1 sn önce dondur; cevap yorumlarda, çözüm yarın.",Gözlem / Çevre,Sabit,302
326,2027-08-28,Cumartesi,2,Okullar açıldı: şehir trafiği,Cevap + Kural,Quiz cevabı,cevap,Cevap: Karşıdan güneş,Dünkü sorunun cevabı: yorumların %… haklıydı,Güneşli saatte seni karşıdan göremezler; pozisyon ve hız buna göre.,Gözlem / Çevre,Sabit,302
327,2027-08-29,Pazar,2,Okullar açıldı: şehir trafiği,Tehlike Avı,Tehlike Avı,tehlike,Gece şehir içi – odak: Tehlike tahmini,"Bu sahnede kaç tehlike var? Say, sonra izle",Roadcraft gözlem: gece şehir içi ortamında tehlikeleri erken tanı (tehlike tahmini).,Gözlem / Sistem,Sabit,
328,2027-08-30,Pazartesi,2,Okullar açıldı: şehir trafiği,Beceri Challenge,#Challenge (takipçi katılımlı),challenge,Dar koridor (1 m) düz gidiş – Seviye 2,Bunu yapabilir misin? Dar koridor (1 m) düz gidiş,Kurulum ölçüleri ekranda; takipçiler kendi denemesini etiketler.,Kontrol,Esnek,
329,2027-08-31,Salı,2,Okullar açıldı: şehir trafiği,Topluluk,Ekipman & Bakım,ekipman,Isıtmalı ekipman,Isıtmalı ekipman: 30 saniyede,"Seçim / kontrol kriterleri, standart ve pratik ipucu.",Hazırlık,Esnek,
330,2027-09-01,Çarşamba,2,Okullar açıldı: şehir trafiği,Doğru / Yanlış,Roadcraft Doğru-Yanlış,dogru_yanlis,Islakta 4 saniye,Yağmurda aynı mesafede kaldın,Islak zeminde takip mesafesini en az iki katına çıkar.,Hız / Mesafe,Sabit,
331,2027-09-02,Perşembe,2,Okullar açıldı: şehir trafiği,Teknik Kontrol,Kapalı Alan Tekniği,teknik,T-CLOCS sürüş öncesi kontrol (Seviye 1),T-CLOCS sürüş öncesi kontrol: çoğu sürücü bunu yanlış yapıyor,"Kapalı alanda doğru uygulama + yaygın hata, tek ana ipucu.",Kontrol,Sabit,
332,2027-09-03,Cuma,2,Okullar açıldı: şehir trafiği,Sen Olsan?,Quiz (cevap yarın),quiz,Quiz: Tünel giriş ve çıkışı,Sen olsan ne yapardın? A mı B mi?,"Ramak kala anından 1 sn önce dondur; cevap yorumlarda, çözüm yarın.",Gözlem / Çevre,Sabit,309
333,2027-09-04,Cumartesi,2,Okullar açıldı: şehir trafiği,Cevap + Kural,Quiz cevabı,cevap,Cevap: Tünel giriş ve çıkışı,Dünkü sorunun cevabı: yorumların %… haklıydı,Göz uyumu için önceden yavaşla; vizörü temiz tut.,Gözlem / Çevre,Sabit,309
334,2027-09-05,Pazar,2,Okullar açıldı: şehir trafiği,Tehlike Avı,Tehlike Avı,tehlike,Yağmurda şehir içi – odak: Sollama kararları,"Bu sahnede kaç tehlike var? Say, sonra izle",Roadcraft gözlem: yağmurda şehir içi ortamında tehlikeleri erken tanı (sollama kararları).,Gözlem / Sistem,Sabit,
335,2027-09-06,Pazartesi,2,Okullar açıldı: şehir trafiği,Beceri Challenge,#Challenge (takipçi katılımlı),challenge,Ayakta düz gidiş – Seviye 2,Bunu yapabilir misin? Ayakta düz gidiş,Kurulum ölçüleri ekranda; takipçiler kendi denemesini etiketler.,Kontrol,Esnek,
336,2027-09-07,Salı,2,Okullar açıldı: şehir trafiği,Topluluk,Mini Sınav,mini_sinav,Haftanın 3 hızlı sorusu,Bu haftayı ne kadar iyi takip ettin? 3 soru,"Haftanın Pazartesi–Cumartesi konularından 3 hızlı soru, cevaplar sonda.",Değişken,Esnek,
337,2027-09-08,Çarşamba,2,Okullar açıldı: şehir trafiği,Doğru / Yanlış,Roadcraft Doğru-Yanlış,dogru_yanlis,Acil fren: kademeli sıkma,Freni bir anda kavradın,Ön freni kademeli sık; yük öne geçtikçe kuvveti artır.,Kontrol / Fren,Sabit,
338,2027-09-09,Perşembe,2,Okullar açıldı: şehir trafiği,Teknik Kontrol,Kapalı Alan Tekniği,teknik,Kalkışta denge ve ilk 5 metre (Seviye 1),Kalkışta denge ve ilk 5 metre: çoğu sürücü bunu yanlış yapıyor,"Kapalı alanda doğru uygulama + yaygın hata, tek ana ipucu.",Kontrol,Sabit,
339,2027-09-10,Cuma,2,Okullar açıldı: şehir trafiği,Sen Olsan?,Quiz (cevap yarın),quiz,Quiz: Fren öncesi ayna,Sen olsan ne yapardın? A mı B mi?,"Ramak kala anından 1 sn önce dondur; cevap yorumlarda, çözüm yarın.",Sistem / Gözlem,Sabit,316
340,2027-09-11,Cumartesi,2,Okullar açıldı: şehir trafiği,Cevap + Kural,Quiz cevabı,cevap,Cevap: Fren öncesi ayna,Dünkü sorunun cevabı: yorumların %… haklıydı,Fren öncesi ayna: arkandakinin durabilecek mesafede olduğunu bil.,Sistem / Gözlem,Sabit,316
341,2027-09-12,Pazar,2,Okullar açıldı: şehir trafiği,Tehlike Avı,Tehlike Avı,tehlike,Okul bölgesi – odak: Gözlem,"Bu sahnede kaç tehlike var? Say, sonra izle",Roadcraft gözlem: okul bölgesi ortamında tehlikeleri erken tanı (gözlem).,Gözlem / Sistem,Sabit,
342,2027-09-13,Pazartesi,2,Okullar açıldı: şehir trafiği,Beceri Challenge,#Challenge (takipçi katılımlı),challenge,Ani duruş çizgisi – Seviye 2,Bunu yapabilir misin? Ani duruş çizgisi,Kurulum ölçüleri ekranda; takipçiler kendi denemesini etiketler.,Kontrol,Esnek,
343,2027-09-14,Salı,2,Okullar açıldı: şehir trafiği,Topluluk,Yorumlardan Soru,yorum_soru,Haftanın en çok sorulan sorusu,Bu hafta en çok bunu sordunuz,Haftanın yorum/DM analizinden seçilen soruya kısa cevap.,Değişken,Esnek,
344,2027-09-15,Çarşamba,2,Okullar açıldı: şehir trafiği,Doğru / Yanlış,Roadcraft Doğru-Yanlış,dogru_yanlis,Fren lambasıyla arkadakini uyarmak,Arkandaki fark etmedi,Yavaşlamadan önce fren lambasını yakarak arkayı uyar.,Kontrol,Sabit,
345,2027-09-16,Perşembe,2,Okullar açıldı: şehir trafiği,Teknik Kontrol,Kapalı Alan Tekniği,teknik,Dar alanda park etme (Seviye 1),Dar alanda park etme: çoğu sürücü bunu yanlış yapıyor,"Kapalı alanda doğru uygulama + yaygın hata, tek ana ipucu.",Kontrol,Sabit,
346,2027-09-17,Cuma,2,Okullar açıldı: şehir trafiği,Sen Olsan?,Quiz (cevap yarın),quiz,Quiz: 2 saniye kuralı,Sen olsan ne yapardın? A mı B mi?,"Ramak kala anından 1 sn önce dondur; cevap yorumlarda, çözüm yarın.",Hız / Mesafe,Sabit,323
347,2027-09-18,Cumartesi,2,Okullar açıldı: şehir trafiği,Cevap + Kural,Quiz cevabı,cevap,Cevap: 2 saniye kuralı,Dünkü sorunun cevabı: yorumların %… haklıydı,"Sabit bir noktadan 'bin bir, bin iki' say; 2 sn'den kısa ise geri çekil.",Hız / Mesafe,Sabit,323
348,2027-09-19,Pazar,2,Okullar açıldı: şehir trafiği,Tehlike Avı,Tehlike Avı,tehlike,Sanayi bölgesi (ağır vasıta) – odak: Konumlanma,"Bu sahnede kaç tehlike var? Say, sonra izle",Roadcraft gözlem: sanayi bölgesi (ağır vasıta) ortamında tehlikeleri erken tanı (konumlanma).,Gözlem / Sistem,Sabit,
349,2027-09-20,Pazartesi,2,Okullar açıldı: şehir trafiği,Beceri Challenge,#Challenge (takipçi katılımlı),challenge,Spiral (daralan daire) – Seviye 2,Bunu yapabilir misin? Spiral (daralan daire),Kurulum ölçüleri ekranda; takipçiler kendi denemesini etiketler.,Kontrol,Esnek,
350,2027-09-21,Salı,2,Okullar açıldı: şehir trafiği,Topluluk,Efsane mi Gerçek mi?,efsane,Yazın korumalı mont gereksiz,"'Yazın korumalı mont gereksiz' Efsane mi, gerçek mi?",Yaygın inanışı Roadcraft ve veriyle değerlendir; cevabı izleyiciye önce tahmin ettir.,Değişken,Esnek,
351,2027-09-22,Çarşamba,2,Okullar açıldı: şehir trafiği,Doğru / Yanlış,Roadcraft Doğru-Yanlış,dogru_yanlis,Duruşta kaçış yolu bırakmak,Kırmızıda dururken aynaya bakmadın,"Durunca vitesi açık tut, aynayı izle, kaçış yolu bırak.",Konum / Gözlem,Sabit,
352,2027-09-23,Perşembe,2,Okullar açıldı: şehir trafiği,Teknik Kontrol,Kapalı Alan Tekniği,teknik,Karşı direksiyon temelleri (Seviye 2),Karşı direksiyon temelleri: çoğu sürücü bunu yanlış yapıyor,"Kapalı alanda doğru uygulama + yaygın hata, tek ana ipucu.",Kontrol,Sabit,
353,2027-09-24,Cuma,2,Okullar açıldı: şehir trafiği,Sen Olsan?,Quiz (cevap yarın),quiz,Quiz: Islakta 4 saniye,Sen olsan ne yapardın? A mı B mi?,"Ramak kala anından 1 sn önce dondur; cevap yorumlarda, çözüm yarın.",Hız / Mesafe,Sabit,330
354,2027-09-25,Cumartesi,2,Okullar açıldı: şehir trafiği,Cevap + Kural,Quiz cevabı,cevap,Cevap: Islakta 4 saniye,Dünkü sorunun cevabı: yorumların %… haklıydı,Islak zeminde takip mesafesini en az iki katına çıkar.,Hız / Mesafe,Sabit,330
355,2027-09-26,Pazar,2,"Sonbahar: yaprak, ilk yağmur, kısalan gün",Tehlike Avı,Tehlike Avı,tehlike,Yoğun meydan / kavşak – odak: Hız ve mesafe,"Bu sahnede kaç tehlike var? Say, sonra izle",Roadcraft gözlem: yoğun meydan / kavşak ortamında tehlikeleri erken tanı (hız ve mesafe).,Gözlem / Sistem,Sabit,
356,2027-09-27,Pazartesi,2,"Sonbahar: yaprak, ilk yağmur, kısalan gün",Beceri Challenge,#Challenge (takipçi katılımlı),challenge,Kilit tutuşta tam tur – Seviye 2,Bunu yapabilir misin? Kilit tutuşta tam tur,Kurulum ölçüleri ekranda; takipçiler kendi denemesini etiketler.,Kontrol,Esnek,
357,2027-09-28,Salı,2,"Sonbahar: yaprak, ilk yağmur, kısalan gün",Topluluk,Ekipman & Bakım,ekipman,Kulak tıkacı ve işitme,Kulak tıkacı ve işitme: 30 saniyede,"Seçim / kontrol kriterleri, standart ve pratik ipucu.",Hazırlık,Esnek,
358,2027-09-29,Çarşamba,2,"Sonbahar: yaprak, ilk yağmur, kısalan gün",Doğru / Yanlış,Roadcraft Doğru-Yanlış,dogru_yanlis,Hız sınırı ≠ güvenli hız,"Sınır 50, ama…",Hız sınırı üst limittir; güvenli hızı görüş ve koşul belirler.,Hız,Sabit,
359,2027-09-30,Perşembe,2,"Sonbahar: yaprak, ilk yağmur, kısalan gün",Teknik Kontrol,Kapalı Alan Tekniği,teknik,Gidonu gevşek tutmak (Seviye 2),Gidonu gevşek tutmak: çoğu sürücü bunu yanlış yapıyor,"Kapalı alanda doğru uygulama + yaygın hata, tek ana ipucu.",Kontrol,Sabit,
360,2027-10-01,Cuma,2,"Sonbahar: yaprak, ilk yağmur, kısalan gün",Sen Olsan?,Quiz (cevap yarın),quiz,Quiz: Acil fren: kademeli sıkma,Sen olsan ne yapardın? A mı B mi?,"Ramak kala anından 1 sn önce dondur; cevap yorumlarda, çözüm yarın.",Kontrol / Fren,Sabit,337
361,2027-10-02,Cumartesi,2,"Sonbahar: yaprak, ilk yağmur, kısalan gün",Cevap + Kural,Quiz cevabı,cevap,Cevap: Acil fren: kademeli sıkma,Dünkü sorunun cevabı: yorumların %… haklıydı,Ön freni kademeli sık; yük öne geçtikçe kuvveti artır.,Kontrol / Fren,Sabit,337
362,2027-10-03,Pazar,2,"Sonbahar: yaprak, ilk yağmur, kısalan gün",Tehlike Avı,Tehlike Avı,tehlike,Dönel kavşak serisi – odak: Tehlike tahmini,"Bu sahnede kaç tehlike var? Say, sonra izle",Roadcraft gözlem: dönel kavşak serisi ortamında tehlikeleri erken tanı (tehlike tahmini).,Gözlem / Sistem,Sabit,
363,2027-10-04,Pazartesi,2,"Sonbahar: yaprak, ilk yağmur, kısalan gün",Beceri Challenge,#Challenge (takipçi katılımlı),challenge,Hızlandır–fren–dön kombinasyonu – Seviye 2,Bunu yapabilir misin? Hızlandır–fren–dön kombinasyonu,Kurulum ölçüleri ekranda; takipçiler kendi denemesini etiketler.,Kontrol,Esnek,
364,2027-10-05,Salı,2,"Sonbahar: yaprak, ilk yağmur, kısalan gün",Topluluk,Mini Sınav,mini_sinav,Haftanın 3 hızlı sorusu,Bu haftayı ne kadar iyi takip ettin? 3 soru,"Haftanın Pazartesi–Cumartesi konularından 3 hızlı soru, cevaplar sonda.",Değişken,Esnek,
365,2027-10-06,Çarşamba,2,"Sonbahar: yaprak, ilk yağmur, kısalan gün",Doğru / Yanlış,Roadcraft Doğru-Yanlış,dogru_yanlis,Yokuş aşağı motor freni,Yokuş aşağı sadece frenle indin,Uzun inişte düşük vites ve motor freni; frenleri ısıtma.,Kontrol,Sabit,
366,2027-10-07,Perşembe,3,"Sonbahar: yaprak, ilk yağmur, kısalan gün",Teknik Kontrol,Kapalı Alan Tekniği,teknik,Bakış yönü ile dönüş (kafa çevirme) (Seviye 2),Bakış yönü ile dönüş (kafa çevirme): çoğu sürücü bunu yanlış yapıyor,"Kapalı alanda doğru uygulama + yaygın hata, tek ana ipucu.",Kontrol,Sabit,
367,2027-10-08,Cuma,3,"Sonbahar: yaprak, ilk yağmur, kısalan gün",Sen Olsan?,Quiz (cevap yarın),quiz,Quiz: Fren lambasıyla arkadakini uyarmak,Sen olsan ne yapardın? A mı B mi?,"Ramak kala anından 1 sn önce dondur; cevap yorumlarda, çözüm yarın.",Kontrol,Sabit,344
368,2027-10-09,Cumartesi,3,"Sonbahar: yaprak, ilk yağmur, kısalan gün",Cevap + Kural,Quiz cevabı,cevap,Cevap: Fren lambasıyla arkadakini uyarmak,Dünkü sorunun cevabı: yorumların %… haklıydı,Yavaşlamadan önce fren lambasını yakarak arkayı uyar.,Kontrol,Sabit,344
369,2027-10-10,Pazar,3,"Sonbahar: yaprak, ilk yağmur, kısalan gün",Tehlike Avı,Tehlike Avı,tehlike,Stabilize / toprak yol – odak: Sollama kararları,"Bu sahnede kaç tehlike var? Say, sonra izle",Roadcraft gözlem: stabilize / toprak yol ortamında tehlikeleri erken tanı (sollama kararları).,Gözlem / Sistem,Esnek,
370,2027-10-11,Pazartesi,3,"Sonbahar: yaprak, ilk yağmur, kısalan gün",Beceri Challenge,#Challenge (takipçi katılımlı),challenge,Yokuşta kalkış challenge – Seviye 2,Bunu yapabilir misin? Yokuşta kalkış challenge,Kurulum ölçüleri ekranda; takipçiler kendi denemesini etiketler.,Kontrol,Esnek,
371,2027-10-12,Salı,3,"Sonbahar: yaprak, ilk yağmur, kısalan gün",Topluluk,Yorumlardan Soru,yorum_soru,Haftanın en çok sorulan sorusu,Bu hafta en çok bunu sordunuz,Haftanın yorum/DM analizinden seçilen soruya kısa cevap.,Değişken,Esnek,
372,2027-10-13,Çarşamba,3,"Sonbahar: yaprak, ilk yağmur, kısalan gün",Doğru / Yanlış,Roadcraft Doğru-Yanlış,dogru_yanlis,Dur-kalk trafikte arkadan çarpma,"Önün durdu, arkan durmadı","Önündeki araçla arana kaçış boşluğu bırak, aynayı izle.",Konum,Sabit,
373,2027-10-14,Perşembe,3,"Sonbahar: yaprak, ilk yağmur, kısalan gün",Teknik Kontrol,Kapalı Alan Tekniği,teknik,Debriyaj sürtme ile düşük hız (Seviye 2),Debriyaj sürtme ile düşük hız: çoğu sürücü bunu yanlış yapıyor,"Kapalı alanda doğru uygulama + yaygın hata, tek ana ipucu.",Kontrol,Sabit,
374,2027-10-15,Cuma,3,"Sonbahar: yaprak, ilk yağmur, kısalan gün",Sen Olsan?,Quiz (cevap yarın),quiz,Quiz: Duruşta kaçış yolu bırakmak,Sen olsan ne yapardın? A mı B mi?,"Ramak kala anından 1 sn önce dondur; cevap yorumlarda, çözüm yarın.",Konum / Gözlem,Sabit,351
375,2027-10-16,Cumartesi,3,"Sonbahar: yaprak, ilk yağmur, kısalan gün",Cevap + Kural,Quiz cevabı,cevap,Cevap: Duruşta kaçış yolu bırakmak,Dünkü sorunun cevabı: yorumların %… haklıydı,"Durunca vitesi açık tut, aynayı izle, kaçış yolu bırak.",Konum / Gözlem,Sabit,351
376,2027-10-17,Pazar,3,"Sonbahar: yaprak, ilk yağmur, kısalan gün",Tehlike Avı,Tehlike Avı,tehlike,Tünel ve köprü – odak: Gözlem,"Bu sahnede kaç tehlike var? Say, sonra izle",Roadcraft gözlem: tünel ve köprü ortamında tehlikeleri erken tanı (gözlem).,Gözlem / Sistem,Esnek,
377,2027-10-18,Pazartesi,3,"Sonbahar: yaprak, ilk yağmur, kısalan gün",Beceri Challenge,#Challenge (takipçi katılımlı),challenge,Çift sekiz – Seviye 2,Bunu yapabilir misin? Çift sekiz,Kurulum ölçüleri ekranda; takipçiler kendi denemesini etiketler.,Kontrol,Esnek,
378,2027-10-19,Salı,3,"Sonbahar: yaprak, ilk yağmur, kısalan gün",Topluluk,Efsane mi Gerçek mi?,efsane,Viraj içinde asla fren yapılmaz,"'Viraj içinde asla fren yapılmaz' Efsane mi, gerçek mi?",Yaygın inanışı Roadcraft ve veriyle değerlendir; cevabı izleyiciye önce tahmin ettir.,Değişken,Esnek,
379,2027-10-20,Çarşamba,3,"Sonbahar: yaprak, ilk yağmur, kısalan gün",Doğru / Yanlış,Roadcraft Doğru-Yanlış,dogru_yanlis,Virajda panik fren,Viraj içinde engel çıktı,Önce dikleştir sonra fren; ya da çok kademeli yatışta fren.,Kontrol / Viraj,Sabit,
380,2027-10-21,Perşembe,3,"Sonbahar: yaprak, ilk yağmur, kısalan gün",Teknik Kontrol,Kapalı Alan Tekniği,teknik,Arka fren ile düşük hız dengesi (Seviye 2),Arka fren ile düşük hız dengesi: çoğu sürücü bunu yanlış yapıyor,"Kapalı alanda doğru uygulama + yaygın hata, tek ana ipucu.",Kontrol,Sabit,
381,2027-10-22,Cuma,3,"Sonbahar: yaprak, ilk yağmur, kısalan gün",Sen Olsan?,Quiz (cevap yarın),quiz,Quiz: Hız sınırı ≠ güvenli hız,Sen olsan ne yapardın? A mı B mi?,"Ramak kala anından 1 sn önce dondur; cevap yorumlarda, çözüm yarın.",Hız,Sabit,358
382,2027-10-23,Cumartesi,3,"Sonbahar: yaprak, ilk yağmur, kısalan gün",Cevap + Kural,Quiz cevabı,cevap,Cevap: Hız sınırı ≠ güvenli hız,Dünkü sorunun cevabı: yorumların %… haklıydı,Hız sınırı üst limittir; güvenli hızı görüş ve koşul belirler.,Hız,Sabit,358
383,2027-10-24,Pazar,3,"Sonbahar: yaprak, ilk yağmur, kısalan gün",Tehlike Avı,Tehlike Avı,tehlike,Yol çalışması güzergâhı – odak: Konumlanma,"Bu sahnede kaç tehlike var? Say, sonra izle",Roadcraft gözlem: yol çalışması güzergâhı ortamında tehlikeleri erken tanı (konumlanma).,Gözlem / Sistem,Esnek,
384,2027-10-25,Pazartesi,3,"Sonbahar: yaprak, ilk yağmur, kısalan gün",Beceri Challenge,#Challenge (takipçi katılımlı),challenge,Zigzag kapı – Seviye 2,Bunu yapabilir misin? Zigzag kapı,Kurulum ölçüleri ekranda; takipçiler kendi denemesini etiketler.,Kontrol,Esnek,
385,2027-10-26,Salı,3,"Sonbahar: yaprak, ilk yağmur, kısalan gün",Topluluk,Ekipman & Bakım,ekipman,"Vizör, pinlock ve buğu","Vizör, pinlock ve buğu: 30 saniyede","Seçim / kontrol kriterleri, standart ve pratik ipucu.",Hazırlık,Esnek,
386,2027-10-27,Çarşamba,3,"Görüş: sis, gece, ıslak zemin",Doğru / Yanlış,Roadcraft Doğru-Yanlış,dogru_yanlis,Gördüğün mesafede durabilmek,Altın kural tek cümle,Her zaman göreceğin boş mesafe içinde durabilecek hızda ol.,Hız,Sabit,
387,2027-10-28,Perşembe,3,"Görüş: sis, gece, ıslak zemin",Teknik Kontrol,Kapalı Alan Tekniği,teknik,Yavaş sürüş yarışı (10 m) (Seviye 2),Yavaş sürüş yarışı (10 m): çoğu sürücü bunu yanlış yapıyor,"Kapalı alanda doğru uygulama + yaygın hata, tek ana ipucu.",Kontrol,Sabit,
388,2027-10-29,Cuma,3,"Görüş: sis, gece, ıslak zemin",Sen Olsan?,Quiz (cevap yarın),quiz,Quiz: Yokuş aşağı motor freni,Sen olsan ne yapardın? A mı B mi?,"Ramak kala anından 1 sn önce dondur; cevap yorumlarda, çözüm yarın.",Kontrol,Sabit,365
389,2027-10-30,Cumartesi,3,"Görüş: sis, gece, ıslak zemin",Cevap + Kural,Quiz cevabı,cevap,Cevap: Yokuş aşağı motor freni,Dünkü sorunun cevabı: yorumların %… haklıydı,Uzun inişte düşük vites ve motor freni; frenleri ısıtma.,Kontrol,Sabit,365
390,2027-10-31,Pazar,3,"Görüş: sis, gece, ıslak zemin",Tehlike Avı,Tehlike Avı,tehlike,Pazar yeri / kalabalık cadde – odak: Hız ve mesafe,"Bu sahnede kaç tehlike var? Say, sonra izle",Roadcraft gözlem: pazar yeri / kalabalık cadde ortamında tehlikeleri erken tanı (hız ve mesafe).,Gözlem / Sistem,Esnek,
391,2027-11-01,Pazartesi,3,"Görüş: sis, gece, ıslak zemin",Beceri Challenge,#Challenge (takipçi katılımlı),challenge,Koni topla / bırak (hassasiyet) – Seviye 2,Bunu yapabilir misin? Koni topla / bırak (hassasiyet),Kurulum ölçüleri ekranda; takipçiler kendi denemesini etiketler.,Kontrol,Esnek,
392,2027-11-02,Salı,3,"Görüş: sis, gece, ıslak zemin",Topluluk,Mini Sınav,mini_sinav,Haftanın 3 hızlı sorusu,Bu haftayı ne kadar iyi takip ettin? 3 soru,"Haftanın Pazartesi–Cumartesi konularından 3 hızlı soru, cevaplar sonda.",Değişken,Esnek,
393,2027-11-03,Çarşamba,3,"Görüş: sis, gece, ıslak zemin",Doğru / Yanlış,Roadcraft Doğru-Yanlış,dogru_yanlis,Kalabalık caddede hız,Herkes acele ediyordu,Bilgi yoğunluğu arttıkça hız düşer; beyin işleme süresi sınırlı.,Hız / İnsan,Sabit,
394,2027-11-04,Perşembe,3,"Görüş: sis, gece, ıslak zemin",Teknik Kontrol,Kapalı Alan Tekniği,teknik,Ön fren kademeli sıkma (Seviye 2),Ön fren kademeli sıkma: çoğu sürücü bunu yanlış yapıyor,"Kapalı alanda doğru uygulama + yaygın hata, tek ana ipucu.",Kontrol,Sabit,
395,2027-11-05,Cuma,3,"Görüş: sis, gece, ıslak zemin",Sen Olsan?,Quiz (cevap yarın),quiz,Quiz: Dur-kalk trafikte arkadan çarpma,Sen olsan ne yapardın? A mı B mi?,"Ramak kala anından 1 sn önce dondur; cevap yorumlarda, çözüm yarın.",Konum,Sabit,372
396,2027-11-06,Cumartesi,3,"Görüş: sis, gece, ıslak zemin",Cevap + Kural,Quiz cevabı,cevap,Cevap: Dur-kalk trafikte arkadan çarpma,Dünkü sorunun cevabı: yorumların %… haklıydı,"Önündeki araçla arana kaçış boşluğu bırak, aynayı izle.",Konum,Sabit,372
397,2027-11-07,Pazar,3,"Görüş: sis, gece, ıslak zemin",Tehlike Avı,Tehlike Avı,tehlike,Tatil yolu – odak: Tehlike tahmini,"Bu sahnede kaç tehlike var? Say, sonra izle",Roadcraft gözlem: tatil yolu ortamında tehlikeleri erken tanı (tehlike tahmini).,Gözlem / Sistem,Esnek,
398,2027-11-08,Pazartesi,3,"Görüş: sis, gece, ıslak zemin",Beceri Challenge,#Challenge (takipçi katılımlı),challenge,Kapalı gözlü değil: gözler yukarı slalom – Seviye 2,Bunu yapabilir misin? Kapalı gözlü değil: gözler yukarı slalom,Kurulum ölçüleri ekranda; takipçiler kendi denemesini etiketler.,Kontrol,Esnek,
399,2027-11-09,Salı,3,"Görüş: sis, gece, ıslak zemin",Topluluk,Yorumlardan Soru,yorum_soru,Haftanın en çok sorulan sorusu,Bu hafta en çok bunu sordunuz,Haftanın yorum/DM analizinden seçilen soruya kısa cevap.,Değişken,Esnek,
400,2027-11-10,Çarşamba,3,"Görüş: sis, gece, ıslak zemin",Doğru / Yanlış,Roadcraft Doğru-Yanlış,dogru_yanlis,Okul önü,"Saat 08:15, okul önü",Okul bölgelerinde tahmin edilemeyen yaya; hız ve gözlem buna göre.,Hız / Gözlem,Sabit,
401,2027-11-11,Perşembe,3,"Görüş: sis, gece, ıslak zemin",Teknik Kontrol,Kapalı Alan Tekniği,teknik,Ağırlık transferi ve çatal batması (Seviye 2),Ağırlık transferi ve çatal batması: çoğu sürücü bunu yanlış yapıyor,"Kapalı alanda doğru uygulama + yaygın hata, tek ana ipucu.",Kontrol,Sabit,
402,2027-11-12,Cuma,3,"Görüş: sis, gece, ıslak zemin",Sen Olsan?,Quiz (cevap yarın),quiz,Quiz: Virajda panik fren,Sen olsan ne yapardın? A mı B mi?,"Ramak kala anından 1 sn önce dondur; cevap yorumlarda, çözüm yarın.",Kontrol / Viraj,Sabit,379
403,2027-11-13,Cumartesi,3,"Görüş: sis, gece, ıslak zemin",Cevap + Kural,Quiz cevabı,cevap,Cevap: Virajda panik fren,Dünkü sorunun cevabı: yorumların %… haklıydı,Önce dikleştir sonra fren; ya da çok kademeli yatışta fren.,Kontrol / Viraj,Sabit,379
404,2027-11-14,Pazar,3,"Görüş: sis, gece, ıslak zemin",Tehlike Avı,Tehlike Avı,tehlike,Sabah işe gidiş trafiği – odak: Sollama kararları,"Bu sahnede kaç tehlike var? Say, sonra izle",Roadcraft gözlem: sabah işe gidiş trafiği ortamında tehlikeleri erken tanı (sollama kararları).,Gözlem / Sistem,Esnek,
405,2027-11-15,Pazartesi,3,"Görüş: sis, gece, ıslak zemin",Beceri Challenge,#Challenge (takipçi katılımlı),challenge,Ritim slalomu – Seviye 2,Bunu yapabilir misin? Ritim slalomu,Kurulum ölçüleri ekranda; takipçiler kendi denemesini etiketler.,Kontrol,Esnek,
406,2027-11-16,Salı,3,"Görüş: sis, gece, ıslak zemin",Topluluk,Efsane mi Gerçek mi?,efsane,Gidonu çevirerek dönülür,"'Gidonu çevirerek dönülür' Efsane mi, gerçek mi?",Yaygın inanışı Roadcraft ve veriyle değerlendir; cevabı izleyiciye önce tahmin ettir.,Değişken,Esnek,
407,2027-11-17,Çarşamba,3,"Görüş: sis, gece, ıslak zemin",Doğru / Yanlış,Roadcraft Doğru-Yanlış,dogru_yanlis,Rögar kapağı,Islak rögar = buz,"Rögara yatışta, frende basma; hattını önceden ayarla.",Yüzey,Sabit,
408,2027-11-18,Perşembe,3,"Görüş: sis, gece, ıslak zemin",Teknik Kontrol,Kapalı Alan Tekniği,teknik,Acil fren 40–50 km/s (Seviye 2),Acil fren 40–50 km/s: çoğu sürücü bunu yanlış yapıyor,"Kapalı alanda doğru uygulama + yaygın hata, tek ana ipucu.",Kontrol,Sabit,
409,2027-11-19,Cuma,3,"Görüş: sis, gece, ıslak zemin",Sen Olsan?,Quiz (cevap yarın),quiz,Quiz: Gördüğün mesafede durabilmek,Sen olsan ne yapardın? A mı B mi?,"Ramak kala anından 1 sn önce dondur; cevap yorumlarda, çözüm yarın.",Hız,Sabit,386
410,2027-11-20,Cumartesi,3,"Görüş: sis, gece, ıslak zemin",Cevap + Kural,Quiz cevabı,cevap,Cevap: Gördüğün mesafede durabilmek,Dünkü sorunun cevabı: yorumların %… haklıydı,Her zaman göreceğin boş mesafe içinde durabilecek hızda ol.,Hız,Sabit,386
411,2027-11-21,Pazar,3,"Görüş: sis, gece, ıslak zemin",Tehlike Avı,Tehlike Avı,tehlike,Gün batımı (karşıdan güneş) – odak: Gözlem,"Bu sahnede kaç tehlike var? Say, sonra izle",Roadcraft gözlem: gün batımı (karşıdan güneş) ortamında tehlikeleri erken tanı (gözlem).,Gözlem / Sistem,Esnek,
412,2027-11-22,Pazartesi,3,"Görüş: sis, gece, ıslak zemin",Beceri Challenge,#Challenge (takipçi katılımlı),challenge,Kaçınma kapısı (renk komutu) – Seviye 2,Bunu yapabilir misin? Kaçınma kapısı (renk komutu),Kurulum ölçüleri ekranda; takipçiler kendi denemesini etiketler.,Kontrol,Esnek,
413,2027-11-23,Salı,3,"Görüş: sis, gece, ıslak zemin",Topluluk,Ekipman & Bakım,ekipman,T-CLOCS sürüş öncesi kontrol,T-CLOCS sürüş öncesi kontrol: 30 saniyede,"Seçim / kontrol kriterleri, standart ve pratik ipucu.",Hazırlık,Esnek,
414,2027-11-24,Çarşamba,3,"Görüş: sis, gece, ıslak zemin",Doğru / Yanlış,Roadcraft Doğru-Yanlış,dogru_yanlis,Islak yol boyası (yaya geçidi),Beyaz çizgide kaydın,Boya ıslakken çok kaygandır; fren ve yatışı boyadan önce bitir.,Yüzey,Sabit,
415,2027-11-25,Perşembe,3,"Görüş: sis, gece, ıslak zemin",Teknik Kontrol,Kapalı Alan Tekniği,teknik,ABS'yi hissetmek (Seviye 2),ABS'yi hissetmek: çoğu sürücü bunu yanlış yapıyor,"Kapalı alanda doğru uygulama + yaygın hata, tek ana ipucu.",Kontrol,Sabit,
416,2027-11-26,Cuma,3,"Kış: teori, ekipman, bakım",Sen Olsan?,Quiz (cevap yarın),quiz,Quiz: Kalabalık caddede hız,Sen olsan ne yapardın? A mı B mi?,"Ramak kala anından 1 sn önce dondur; cevap yorumlarda, çözüm yarın.",Hız / İnsan,Sabit,393
417,2027-11-27,Cumartesi,3,"Kış: teori, ekipman, bakım",Cevap + Kural,Quiz cevabı,cevap,Cevap: Kalabalık caddede hız,Dünkü sorunun cevabı: yorumların %… haklıydı,Bilgi yoğunluğu arttıkça hız düşer; beyin işleme süresi sınırlı.,Hız / İnsan,Sabit,393
418,2027-11-28,Pazar,3,"Kış: teori, ekipman, bakım",Tehlike Avı,Tehlike Avı,tehlike,Kırsal kavşaklar – odak: Konumlanma,"Bu sahnede kaç tehlike var? Say, sonra izle",Roadcraft gözlem: kırsal kavşaklar ortamında tehlikeleri erken tanı (konumlanma).,Gözlem / Sistem,Esnek,
419,2027-11-29,Pazartesi,3,"Kış: teori, ekipman, bakım",Beceri Challenge,#Challenge (takipçi katılımlı),challenge,Mini parkur zamana karşı – Seviye 2,Bunu yapabilir misin? Mini parkur zamana karşı,Kurulum ölçüleri ekranda; takipçiler kendi denemesini etiketler.,Kontrol,Esnek,
420,2027-11-30,Salı,3,"Kış: teori, ekipman, bakım",Topluluk,Mini Sınav,mini_sinav,Haftanın 3 hızlı sorusu,Bu haftayı ne kadar iyi takip ettin? 3 soru,"Haftanın Pazartesi–Cumartesi konularından 3 hızlı soru, cevaplar sonda.",Değişken,Esnek,
421,2027-12-01,Çarşamba,3,"Kış: teori, ekipman, bakım",Doğru / Yanlış,Roadcraft Doğru-Yanlış,dogru_yanlis,Mazot lekesi,Asfalttaki gökkuşağı,Parlak/renkli leke = mazot; özellikle kavşak ve dönel kavşak çıkışlarında.,Yüzey,Sabit,
422,2027-12-02,Perşembe,3,"Kış: teori, ekipman, bakım",Teknik Kontrol,Kapalı Alan Tekniği,teknik,Fren – bırak – kaçın – tekrar fren (Seviye 2),Fren – bırak – kaçın – tekrar fren: çoğu sürücü bunu yanlış yapıyor,"Kapalı alanda doğru uygulama + yaygın hata, tek ana ipucu.",Kontrol,Sabit,
423,2027-12-03,Cuma,3,"Kış: teori, ekipman, bakım",Sen Olsan?,Quiz (cevap yarın),quiz,Quiz: Okul önü,Sen olsan ne yapardın? A mı B mi?,"Ramak kala anından 1 sn önce dondur; cevap yorumlarda, çözüm yarın.",Hız / Gözlem,Sabit,400
424,2027-12-04,Cumartesi,3,"Kış: teori, ekipman, bakım",Cevap + Kural,Quiz cevabı,cevap,Cevap: Okul önü,Dünkü sorunun cevabı: yorumların %… haklıydı,Okul bölgelerinde tahmin edilemeyen yaya; hız ve gözlem buna göre.,Hız / Gözlem,Sabit,400
425,2027-12-05,Pazar,3,"Kış: teori, ekipman, bakım",Tehlike Avı,Tehlike Avı,tehlike,Şehir içi ana cadde – odak: Tehlike tahmini,"Bu sahnede kaç tehlike var? Say, sonra izle",Roadcraft gözlem: şehir içi ana cadde ortamında tehlikeleri erken tanı (tehlike tahmini).,Gözlem / Sistem,Esnek,
426,2027-12-06,Pazartesi,3,"Kış: teori, ekipman, bakım",Beceri Challenge,#Challenge (takipçi katılımlı),challenge,Arka fren ile dönüş – Seviye 2,Bunu yapabilir misin? Arka fren ile dönüş,Kurulum ölçüleri ekranda; takipçiler kendi denemesini etiketler.,Kontrol,Esnek,
427,2027-12-07,Salı,3,"Kış: teori, ekipman, bakım",Topluluk,Yorumlardan Soru,yorum_soru,Haftanın en çok sorulan sorusu,Bu hafta en çok bunu sordunuz,Haftanın yorum/DM analizinden seçilen soruya kısa cevap.,Değişken,Esnek,
428,2027-12-08,Çarşamba,3,"Kış: teori, ekipman, bakım",Doğru / Yanlış,Roadcraft Doğru-Yanlış,dogru_yanlis,Islak yaprak,Sonbaharın görünmez tehlikesi,Yaprak yığını ıslakken buz gibidir; virajda hattını değiştir.,Yüzey / Mevsim,Sabit,
429,2027-12-09,Perşembe,3,"Kış: teori, ekipman, bakım",Teknik Kontrol,Kapalı Alan Tekniği,teknik,Kaçınma manevrası (hızlı şerit değişimi) (Seviye 2),Kaçınma manevrası (hızlı şerit değişimi): çoğu sürücü bunu yanlış yapıyor,"Kapalı alanda doğru uygulama + yaygın hata, tek ana ipucu.",Kontrol,Sabit,
430,2027-12-10,Cuma,3,"Kış: teori, ekipman, bakım",Sen Olsan?,Quiz (cevap yarın),quiz,Quiz: Rögar kapağı,Sen olsan ne yapardın? A mı B mi?,"Ramak kala anından 1 sn önce dondur; cevap yorumlarda, çözüm yarın.",Yüzey,Sabit,407
431,2027-12-11,Cumartesi,3,"Kış: teori, ekipman, bakım",Cevap + Kural,Quiz cevabı,cevap,Cevap: Rögar kapağı,Dünkü sorunun cevabı: yorumların %… haklıydı,"Rögara yatışta, frende basma; hattını önceden ayarla.",Yüzey,Sabit,407
432,2027-12-12,Pazar,3,"Kış: teori, ekipman, bakım",Tehlike Avı,Tehlike Avı,tehlike,Mahalle arası – odak: Sollama kararları,"Bu sahnede kaç tehlike var? Say, sonra izle",Roadcraft gözlem: mahalle arası ortamında tehlikeleri erken tanı (sollama kararları).,Gözlem / Sistem,Esnek,
433,2027-12-13,Pazartesi,3,"Kış: teori, ekipman, bakım",Beceri Challenge,#Challenge (takipçi katılımlı),challenge,Yolcu ile yavaş sürüş – Seviye 2,Bunu yapabilir misin? Yolcu ile yavaş sürüş,Kurulum ölçüleri ekranda; takipçiler kendi denemesini etiketler.,Kontrol,Esnek,
434,2027-12-14,Salı,3,"Kış: teori, ekipman, bakım",Topluluk,Efsane mi Gerçek mi?,efsane,Kask ömür boyu dayanır,"'Kask ömür boyu dayanır' Efsane mi, gerçek mi?",Yaygın inanışı Roadcraft ve veriyle değerlendir; cevabı izleyiciye önce tahmin ettir.,Değişken,Esnek,
435,2027-12-15,Çarşamba,3,"Kış: teori, ekipman, bakım",Doğru / Yanlış,Roadcraft Doğru-Yanlış,dogru_yanlis,Sıcakta asfalt yaması / bitüm,Asfaltta parlak çizgiler,Sıcakta bitüm yumuşar ve kayar; yatışta üstünden geçme.,Yüzey / Mevsim,Sabit,
436,2027-12-16,Perşembe,3,"Kış: teori, ekipman, bakım",Teknik Kontrol,Kapalı Alan Tekniği,teknik,Diz ile depo sıkma (Seviye 2),Diz ile depo sıkma: çoğu sürücü bunu yanlış yapıyor,"Kapalı alanda doğru uygulama + yaygın hata, tek ana ipucu.",Kontrol,Sabit,
437,2027-12-17,Cuma,3,"Kış: teori, ekipman, bakım",Sen Olsan?,Quiz (cevap yarın),quiz,Quiz: Islak yol boyası (yaya geçidi),Sen olsan ne yapardın? A mı B mi?,"Ramak kala anından 1 sn önce dondur; cevap yorumlarda, çözüm yarın.",Yüzey,Sabit,414
438,2027-12-18,Cumartesi,3,"Kış: teori, ekipman, bakım",Cevap + Kural,Quiz cevabı,cevap,Cevap: Islak yol boyası (yaya geçidi),Dünkü sorunun cevabı: yorumların %… haklıydı,Boya ıslakken çok kaygandır; fren ve yatışı boyadan önce bitir.,Yüzey,Sabit,414
439,2027-12-19,Pazar,3,"Kış: teori, ekipman, bakım",Tehlike Avı,Tehlike Avı,tehlike,Çevre yolu – odak: Gözlem,"Bu sahnede kaç tehlike var? Say, sonra izle",Roadcraft gözlem: çevre yolu ortamında tehlikeleri erken tanı (gözlem).,Gözlem / Sistem,Esnek,
440,2027-12-20,Pazartesi,3,"Kış: teori, ekipman, bakım",Beceri Challenge,#Challenge (takipçi katılımlı),challenge,U dönüşü yokuşta – Seviye 2,Bunu yapabilir misin? U dönüşü yokuşta,Kurulum ölçüleri ekranda; takipçiler kendi denemesini etiketler.,Kontrol,Esnek,
441,2027-12-21,Salı,3,"Kış: teori, ekipman, bakım",Topluluk,Ekipman & Bakım,ekipman,Lastik basıncı,Lastik basıncı: 30 saniyede,"Seçim / kontrol kriterleri, standart ve pratik ipucu.",Hazırlık,Esnek,
442,2027-12-22,Çarşamba,3,"Kış: teori, ekipman, bakım",Doğru / Yanlış,Roadcraft Doğru-Yanlış,dogru_yanlis,Çukur: kaçınma mı dikleşip geçme mi,Son anda çukuru gördün,"Erken gördüysen kaçın; geç gördüysen dikleş, frenden çık, ayakta karşıla.",Yüzey / Kontrol,Sabit,
443,2027-12-23,Perşembe,3,"Kış: teori, ekipman, bakım",Teknik Kontrol,Kapalı Alan Tekniği,teknik,"Ayak pozisyonu (ayak ucu, pedallar) (Seviye 2)","Ayak pozisyonu (ayak ucu, pedallar): çoğu sürücü bunu yanlış yapıyor","Kapalı alanda doğru uygulama + yaygın hata, tek ana ipucu.",Kontrol,Sabit,
444,2027-12-24,Cuma,3,"Kış: teori, ekipman, bakım",Sen Olsan?,Quiz (cevap yarın),quiz,Quiz: Mazot lekesi,Sen olsan ne yapardın? A mı B mi?,"Ramak kala anından 1 sn önce dondur; cevap yorumlarda, çözüm yarın.",Yüzey,Sabit,421
445,2027-12-25,Cumartesi,3,"Kış: teori, ekipman, bakım",Cevap + Kural,Quiz cevabı,cevap,Cevap: Mazot lekesi,Dünkü sorunun cevabı: yorumların %… haklıydı,Parlak/renkli leke = mazot; özellikle kavşak ve dönel kavşak çıkışlarında.,Yüzey,Sabit,421
446,2027-12-26,Pazar,3,"Kış: teori, ekipman, bakım",Tehlike Avı,Tehlike Avı,tehlike,Otoyol – odak: Konumlanma,"Bu sahnede kaç tehlike var? Say, sonra izle",Roadcraft gözlem: otoyol ortamında tehlikeleri erken tanı (konumlanma).,Gözlem / Sistem,Esnek,
447,2027-12-27,Pazartesi,3,"Kış: zihinsel hazırlık, Roadcraft Sistem",Beceri Challenge,#Challenge (takipçi katılımlı),challenge,Eğitmen vs takipçi: aynı parkur – Seviye 2,Bunu yapabilir misin? Eğitmen vs takipçi: aynı parkur,Kurulum ölçüleri ekranda; takipçiler kendi denemesini etiketler.,Kontrol,Esnek,
448,2027-12-28,Salı,3,"Kış: zihinsel hazırlık, Roadcraft Sistem",Topluluk,Mini Sınav,mini_sinav,Haftanın 3 hızlı sorusu,Bu haftayı ne kadar iyi takip ettin? 3 soru,"Haftanın Pazartesi–Cumartesi konularından 3 hızlı soru, cevaplar sonda.",Değişken,Esnek,
449,2027-12-29,Çarşamba,3,"Kış: zihinsel hazırlık, Roadcraft Sistem",Doğru / Yanlış,Roadcraft Doğru-Yanlış,dogru_yanlis,Hemzemin geçit / ray açısı,Raylar çapraz geliyordu,Rayı mümkün olan en dik açıyla ve dik motosikletle geç.,Yüzey,Sabit,
450,2027-12-30,Perşembe,3,"Kış: zihinsel hazırlık, Roadcraft Sistem",Teknik Kontrol,Kapalı Alan Tekniği,teknik,Ayakta sürüş (Seviye 2),Ayakta sürüş: çoğu sürücü bunu yanlış yapıyor,"Kapalı alanda doğru uygulama + yaygın hata, tek ana ipucu.",Kontrol,Sabit,
451,2027-12-31,Cuma,3,"Kış: zihinsel hazırlık, Roadcraft Sistem",Sen Olsan?,Quiz (cevap yarın),quiz,Quiz: Islak yaprak,Sen olsan ne yapardın? A mı B mi?,"Ramak kala anından 1 sn önce dondur; cevap yorumlarda, çözüm yarın.",Yüzey / Mevsim,Sabit,428
452,2028-01-01,Cumartesi,3,"Kış: zihinsel hazırlık, Roadcraft Sistem",Cevap + Kural,Quiz cevabı,cevap,Cevap: Islak yaprak,Dünkü sorunun cevabı: yorumların %… haklıydı,Yaprak yığını ıslakken buz gibidir; virajda hattını değiştir.,Yüzey / Mevsim,Sabit,428
453,2028-01-02,Pazar,3,"Kış: zihinsel hazırlık, Roadcraft Sistem",Tehlike Avı,Tehlike Avı,tehlike,Köy yolu – odak: Hız ve mesafe,"Bu sahnede kaç tehlike var? Say, sonra izle",Roadcraft gözlem: köy yolu ortamında tehlikeleri erken tanı (hız ve mesafe).,Gözlem / Sistem,Esnek,
454,2028-01-03,Pazartesi,3,"Kış: zihinsel hazırlık, Roadcraft Sistem",Beceri Challenge,#Challenge (takipçi katılımlı),challenge,Kapalı virajda hat seçimi – Seviye 2,Bunu yapabilir misin? Kapalı virajda hat seçimi,Kurulum ölçüleri ekranda; takipçiler kendi denemesini etiketler.,Kontrol,Esnek,
455,2028-01-04,Salı,3,"Kış: zihinsel hazırlık, Roadcraft Sistem",Topluluk,Yorumlardan Soru,yorum_soru,Haftanın en çok sorulan sorusu,Bu hafta en çok bunu sordunuz,Haftanın yorum/DM analizinden seçilen soruya kısa cevap.,Değişken,Esnek,
456,2028-01-05,Çarşamba,3,"Kış: zihinsel hazırlık, Roadcraft Sistem",Doğru / Yanlış,Roadcraft Doğru-Yanlış,dogru_yanlis,Köprü çıkışında yan rüzgar,Köprüden çıkınca savruldun,"Açık alan, köprü ve vadi çıkışında yan rüzgarı bekle; gidon gevşek.",Çevre,Sabit,
457,2028-01-06,Perşembe,3,"Kış: zihinsel hazırlık, Roadcraft Sistem",Teknik Kontrol,Kapalı Alan Tekniği,teknik,Gaz kontrolü: düzgün açma (Seviye 2),Gaz kontrolü: düzgün açma: çoğu sürücü bunu yanlış yapıyor,"Kapalı alanda doğru uygulama + yaygın hata, tek ana ipucu.",Kontrol,Sabit,
458,2028-01-07,Cuma,3,"Kış: zihinsel hazırlık, Roadcraft Sistem",Sen Olsan?,Quiz (cevap yarın),quiz,Quiz: Sıcakta asfalt yaması / bitüm,Sen olsan ne yapardın? A mı B mi?,"Ramak kala anından 1 sn önce dondur; cevap yorumlarda, çözüm yarın.",Yüzey / Mevsim,Sabit,435
459,2028-01-08,Cumartesi,3,"Kış: zihinsel hazırlık, Roadcraft Sistem",Cevap + Kural,Quiz cevabı,cevap,Cevap: Sıcakta asfalt yaması / bitüm,Dünkü sorunun cevabı: yorumların %… haklıydı,Sıcakta bitüm yumuşar ve kayar; yatışta üstünden geçme.,Yüzey / Mevsim,Sabit,435
460,2028-01-09,Pazar,3,"Kış: zihinsel hazırlık, Roadcraft Sistem",Tehlike Avı,Tehlike Avı,tehlike,Virajlı dağ yolu – odak: Tehlike tahmini,"Bu sahnede kaç tehlike var? Say, sonra izle",Roadcraft gözlem: virajlı dağ yolu ortamında tehlikeleri erken tanı (tehlike tahmini).,Gözlem / Sistem,Esnek,
461,2028-01-10,Pazartesi,3,"Kış: zihinsel hazırlık, Roadcraft Sistem",Beceri Challenge,#Challenge (takipçi katılımlı),challenge,Islak zemin slalom – Seviye 2,Bunu yapabilir misin? Islak zemin slalom,Kurulum ölçüleri ekranda; takipçiler kendi denemesini etiketler.,Kontrol,Esnek,
462,2028-01-11,Salı,3,"Kış: zihinsel hazırlık, Roadcraft Sistem",Topluluk,Efsane mi Gerçek mi?,efsane,Kayarken motosikleti bırak,"'Kayarken motosikleti bırak' Efsane mi, gerçek mi?",Yaygın inanışı Roadcraft ve veriyle değerlendir; cevabı izleyiciye önce tahmin ettir.,Değişken,Esnek,
463,2028-01-12,Çarşamba,3,"Kış: zihinsel hazırlık, Roadcraft Sistem",Doğru / Yanlış,Roadcraft Doğru-Yanlış,dogru_yanlis,Köpek kovalaması,Köpek yan taraftan geldi,"Panik fren değil; köpeğin rotasını oku, kontrollü uzaklaş.",Çevre,Sabit,
464,2028-01-13,Perşembe,3,"Kış: zihinsel hazırlık, Roadcraft Sistem",Teknik Kontrol,Kapalı Alan Tekniği,teknik,Viraj öncesi vites (Seviye 2),Viraj öncesi vites: çoğu sürücü bunu yanlış yapıyor,"Kapalı alanda doğru uygulama + yaygın hata, tek ana ipucu.",Kontrol,Sabit,
465,2028-01-14,Cuma,3,"Kış: zihinsel hazırlık, Roadcraft Sistem",Sen Olsan?,Quiz (cevap yarın),quiz,Quiz: Çukur: kaçınma mı dikleşip geçme mi,Sen olsan ne yapardın? A mı B mi?,"Ramak kala anından 1 sn önce dondur; cevap yorumlarda, çözüm yarın.",Yüzey / Kontrol,Sabit,442
466,2028-01-15,Cumartesi,3,"Kış: zihinsel hazırlık, Roadcraft Sistem",Cevap + Kural,Quiz cevabı,cevap,Cevap: Çukur: kaçınma mı dikleşip geçme mi,Dünkü sorunun cevabı: yorumların %… haklıydı,"Erken gördüysen kaçın; geç gördüysen dikleş, frenden çık, ayakta karşıla.",Yüzey / Kontrol,Sabit,442
467,2028-01-16,Pazar,3,"Kış: zihinsel hazırlık, Roadcraft Sistem",Tehlike Avı,Tehlike Avı,tehlike,Gece şehir içi – odak: Sollama kararları,"Bu sahnede kaç tehlike var? Say, sonra izle",Roadcraft gözlem: gece şehir içi ortamında tehlikeleri erken tanı (sollama kararları).,Gözlem / Sistem,Esnek,
468,2028-01-17,Pazartesi,3,"Kış: zihinsel hazırlık, Roadcraft Sistem",Beceri Challenge,#Challenge (takipçi katılımlı),challenge,Tek tekerlek izi (çizgi takip) – Seviye 2,Bunu yapabilir misin? Tek tekerlek izi (çizgi takip),Kurulum ölçüleri ekranda; takipçiler kendi denemesini etiketler.,Kontrol,Esnek,
469,2028-01-18,Salı,3,"Kış: zihinsel hazırlık, Roadcraft Sistem",Topluluk,Ekipman & Bakım,ekipman,Lastik diş derinliği ve yaşı (DOT),Lastik diş derinliği ve yaşı (DOT): 30 saniyede,"Seçim / kontrol kriterleri, standart ve pratik ipucu.",Hazırlık,Esnek,
470,2028-01-19,Çarşamba,3,"Kış: zihinsel hazırlık, Roadcraft Sistem",Doğru / Yanlış,Roadcraft Doğru-Yanlış,dogru_yanlis,İlk yağmur,Yağmurun ilk 15 dakikası,İlk yağmurda yağ ve toz yüzeye çıkar; en kaygan an budur.,Yüzey / Mevsim,Sabit,
471,2028-01-20,Perşembe,3,"Kış: zihinsel hazırlık, Roadcraft Sistem",Teknik Kontrol,Kapalı Alan Tekniği,teknik,Motor freni kullanımı (Seviye 2),Motor freni kullanımı: çoğu sürücü bunu yanlış yapıyor,"Kapalı alanda doğru uygulama + yaygın hata, tek ana ipucu.",Kontrol,Sabit,
472,2028-01-21,Cuma,3,"Kış: zihinsel hazırlık, Roadcraft Sistem",Sen Olsan?,Quiz (cevap yarın),quiz,Quiz: Hemzemin geçit / ray açısı,Sen olsan ne yapardın? A mı B mi?,"Ramak kala anından 1 sn önce dondur; cevap yorumlarda, çözüm yarın.",Yüzey,Sabit,449
473,2028-01-22,Cumartesi,3,"Kış: zihinsel hazırlık, Roadcraft Sistem",Cevap + Kural,Quiz cevabı,cevap,Cevap: Hemzemin geçit / ray açısı,Dünkü sorunun cevabı: yorumların %… haklıydı,Rayı mümkün olan en dik açıyla ve dik motosikletle geç.,Yüzey,Sabit,449
474,2028-01-23,Pazar,3,"Kış: zihinsel hazırlık, Roadcraft Sistem",Tehlike Avı,Tehlike Avı,tehlike,Yağmurda şehir içi – odak: Gözlem,"Bu sahnede kaç tehlike var? Say, sonra izle",Roadcraft gözlem: yağmurda şehir içi ortamında tehlikeleri erken tanı (gözlem).,Gözlem / Sistem,Esnek,
475,2028-01-24,Pazartesi,3,"Kış: zihinsel hazırlık, Roadcraft Sistem",Beceri Challenge,#Challenge (takipçi katılımlı),challenge,Aylık büyük parkur – Seviye 2,Bunu yapabilir misin? Aylık büyük parkur,Kurulum ölçüleri ekranda; takipçiler kendi denemesini etiketler.,Kontrol,Esnek,
476,2028-01-25,Salı,3,"Kış: zihinsel hazırlık, Roadcraft Sistem",Topluluk,Mini Sınav,mini_sinav,Haftanın 3 hızlı sorusu,Bu haftayı ne kadar iyi takip ettin? 3 soru,"Haftanın Pazartesi–Cumartesi konularından 3 hızlı soru, cevaplar sonda.",Değişken,Esnek,
477,2028-01-26,Çarşamba,3,"Kış: zihinsel hazırlık, Roadcraft Sistem",Doğru / Yanlış,Roadcraft Doğru-Yanlış,dogru_yanlis,Grup sürüşü: zigzag dizilim,Yan yana gidiyordunuz…,Grupta zigzag dizilim; her sürücünün kendi kaçış alanı olsun.,Grup,Sabit,
478,2028-01-27,Perşembe,3,Kış: ekipman ve sezon planı,Teknik Kontrol,Kapalı Alan Tekniği,teknik,Yokuşta kalkış (Seviye 2),Yokuşta kalkış: çoğu sürücü bunu yanlış yapıyor,"Kapalı alanda doğru uygulama + yaygın hata, tek ana ipucu.",Kontrol,Sabit,
479,2028-01-28,Cuma,3,Kış: ekipman ve sezon planı,Sen Olsan?,Quiz (cevap yarın),quiz,Quiz: Köprü çıkışında yan rüzgar,Sen olsan ne yapardın? A mı B mi?,"Ramak kala anından 1 sn önce dondur; cevap yorumlarda, çözüm yarın.",Çevre,Sabit,456
480,2028-01-29,Cumartesi,3,Kış: ekipman ve sezon planı,Cevap + Kural,Quiz cevabı,cevap,Cevap: Köprü çıkışında yan rüzgar,Dünkü sorunun cevabı: yorumların %… haklıydı,"Açık alan, köprü ve vadi çıkışında yan rüzgarı bekle; gidon gevşek.",Çevre,Sabit,456
481,2028-01-30,Pazar,3,Kış: ekipman ve sezon planı,Tehlike Avı,Tehlike Avı,tehlike,Okul bölgesi – odak: Konumlanma,"Bu sahnede kaç tehlike var? Say, sonra izle",Roadcraft gözlem: okul bölgesi ortamında tehlikeleri erken tanı (konumlanma).,Gözlem / Sistem,Esnek,
482,2028-01-31,Pazartesi,3,Kış: ekipman ve sezon planı,Beceri Challenge,#Challenge (takipçi katılımlı),challenge,Koni slalomu – Seviye 3,Bunu yapabilir misin? Koni slalomu,Kurulum ölçüleri ekranda; takipçiler kendi denemesini etiketler.,Kontrol,Esnek,
483,2028-02-01,Salı,3,Kış: ekipman ve sezon planı,Topluluk,Yorumlardan Soru,yorum_soru,Haftanın en çok sorulan sorusu,Bu hafta en çok bunu sordunuz,Haftanın yorum/DM analizinden seçilen soruya kısa cevap.,Değişken,Esnek,
484,2028-02-02,Çarşamba,3,Kış: ekipman ve sezon planı,Doğru / Yanlış,Roadcraft Doğru-Yanlış,dogru_yanlis,Grupta öndekini körü körüne takip,Önündeki geçti diye sen de geçtin,Her sollama ve kavşak kararı senin; grup baskısı karar değildir.,Grup / İnsan,Sabit,
485,2028-02-03,Perşembe,3,Kış: ekipman ve sezon planı,Teknik Kontrol,Kapalı Alan Tekniği,teknik,Yokuşta durma ve bekleme (Seviye 2),Yokuşta durma ve bekleme: çoğu sürücü bunu yanlış yapıyor,"Kapalı alanda doğru uygulama + yaygın hata, tek ana ipucu.",Kontrol,Sabit,
486,2028-02-04,Cuma,3,Kış: ekipman ve sezon planı,Sen Olsan?,Quiz (cevap yarın),quiz,Quiz: Köpek kovalaması,Sen olsan ne yapardın? A mı B mi?,"Ramak kala anından 1 sn önce dondur; cevap yorumlarda, çözüm yarın.",Çevre,Sabit,463
487,2028-02-05,Cumartesi,3,Kış: ekipman ve sezon planı,Cevap + Kural,Quiz cevabı,cevap,Cevap: Köpek kovalaması,Dünkü sorunun cevabı: yorumların %… haklıydı,"Panik fren değil; köpeğin rotasını oku, kontrollü uzaklaş.",Çevre,Sabit,463
488,2028-02-06,Pazar,3,Kış: ekipman ve sezon planı,Tehlike Avı,Tehlike Avı,tehlike,Sanayi bölgesi (ağır vasıta) – odak: Hız ve mesafe,"Bu sahnede kaç tehlike var? Say, sonra izle",Roadcraft gözlem: sanayi bölgesi (ağır vasıta) ortamında tehlikeleri erken tanı (hız ve mesafe).,Gözlem / Sistem,Esnek,
489,2028-02-07,Pazartesi,3,Kış: ekipman ve sezon planı,Beceri Challenge,#Challenge (takipçi katılımlı),challenge,En yavaş 10 metre – Seviye 3,Bunu yapabilir misin? En yavaş 10 metre,Kurulum ölçüleri ekranda; takipçiler kendi denemesini etiketler.,Kontrol,Esnek,
490,2028-02-08,Salı,3,Kış: ekipman ve sezon planı,Topluluk,Efsane mi Gerçek mi?,efsane,Trafikte en güvenlisi sağ şerit,"'Trafikte en güvenlisi sağ şerit' Efsane mi, gerçek mi?",Yaygın inanışı Roadcraft ve veriyle değerlendir; cevabı izleyiciye önce tahmin ettir.,Değişken,Esnek,
491,2028-02-09,Çarşamba,3,Kış: ekipman ve sezon planı,Doğru / Yanlış,Roadcraft Doğru-Yanlış,dogru_yanlis,Sollanırken ne yapmalısın?,Arkadan biri sollamaya çıktı,"Hızını koru, pozisyonunla yer aç; yarışa girme.",Konum / İnsan,Sabit,
492,2028-02-10,Perşembe,3,Kış: ekipman ve sezon planı,Teknik Kontrol,Kapalı Alan Tekniği,teknik,Dar U dönüşü (Seviye 2),Dar U dönüşü: çoğu sürücü bunu yanlış yapıyor,"Kapalı alanda doğru uygulama + yaygın hata, tek ana ipucu.",Kontrol,Sabit,
493,2028-02-11,Cuma,3,Kış: ekipman ve sezon planı,Sen Olsan?,Quiz (cevap yarın),quiz,Quiz: İlk yağmur,Sen olsan ne yapardın? A mı B mi?,"Ramak kala anından 1 sn önce dondur; cevap yorumlarda, çözüm yarın.",Yüzey / Mevsim,Sabit,470
494,2028-02-12,Cumartesi,3,Kış: ekipman ve sezon planı,Cevap + Kural,Quiz cevabı,cevap,Cevap: İlk yağmur,Dünkü sorunun cevabı: yorumların %… haklıydı,İlk yağmurda yağ ve toz yüzeye çıkar; en kaygan an budur.,Yüzey / Mevsim,Sabit,470
495,2028-02-13,Pazar,3,Kış: ekipman ve sezon planı,Tehlike Avı,Tehlike Avı,tehlike,Yoğun meydan / kavşak – odak: Tehlike tahmini,"Bu sahnede kaç tehlike var? Say, sonra izle",Roadcraft gözlem: yoğun meydan / kavşak ortamında tehlikeleri erken tanı (tehlike tahmini).,Gözlem / Sistem,Esnek,
496,2028-02-14,Pazartesi,3,Kış: ekipman ve sezon planı,Beceri Challenge,#Challenge (takipçi katılımlı),challenge,Dar U dönüşü – Seviye 3,Bunu yapabilir misin? Dar U dönüşü,Kurulum ölçüleri ekranda; takipçiler kendi denemesini etiketler.,Kontrol,Esnek,
497,2028-02-15,Salı,3,Kış: ekipman ve sezon planı,Topluluk,Ekipman & Bakım,ekipman,Zincir bakımı ve yağlama,Zincir bakımı ve yağlama: 30 saniyede,"Seçim / kontrol kriterleri, standart ve pratik ipucu.",Hazırlık,Esnek,
498,2028-02-16,Çarşamba,3,Kış: ekipman ve sezon planı,Doğru / Yanlış,Roadcraft Doğru-Yanlış,dogru_yanlis,Korna mı pozisyon mu?,"Korna çaldın, araç yine çıktı","Korna uyarıdır, koruma değildir; önce pozisyon ve hız.",İnsan,Sabit,
499,2028-02-17,Perşembe,3,Kış: ekipman ve sezon planı,Teknik Kontrol,Kapalı Alan Tekniği,teknik,Sekiz çizme (Seviye 2),Sekiz çizme: çoğu sürücü bunu yanlış yapıyor,"Kapalı alanda doğru uygulama + yaygın hata, tek ana ipucu.",Kontrol,Sabit,
500,2028-02-18,Cuma,3,Kış: ekipman ve sezon planı,Sen Olsan?,Quiz (cevap yarın),quiz,Quiz: Grup sürüşü: zigzag dizilim,Sen olsan ne yapardın? A mı B mi?,"Ramak kala anından 1 sn önce dondur; cevap yorumlarda, çözüm yarın.",Grup,Sabit,477
501,2028-02-19,Cumartesi,3,Kış: ekipman ve sezon planı,Cevap + Kural,Quiz cevabı,cevap,Cevap: Grup sürüşü: zigzag dizilim,Dünkü sorunun cevabı: yorumların %… haklıydı,Grupta zigzag dizilim; her sürücünün kendi kaçış alanı olsun.,Grup,Sabit,477
502,2028-02-20,Pazar,3,Kış: ekipman ve sezon planı,Tehlike Avı,Tehlike Avı,tehlike,Dönel kavşak serisi – odak: Sollama kararları,"Bu sahnede kaç tehlike var? Say, sonra izle",Roadcraft gözlem: dönel kavşak serisi ortamında tehlikeleri erken tanı (sollama kararları).,Gözlem / Sistem,Esnek,
503,2028-02-21,Pazartesi,3,Kış: ekipman ve sezon planı,Beceri Challenge,#Challenge (takipçi katılımlı),challenge,Sekiz çizme – Seviye 3,Bunu yapabilir misin? Sekiz çizme,Kurulum ölçüleri ekranda; takipçiler kendi denemesini etiketler.,Kontrol,Esnek,
504,2028-02-22,Salı,3,Kış: ekipman ve sezon planı,Topluluk,Mini Sınav,mini_sinav,Haftanın 3 hızlı sorusu,Bu haftayı ne kadar iyi takip ettin? 3 soru,"Haftanın Pazartesi–Cumartesi konularından 3 hızlı soru, cevaplar sonda.",Değişken,Esnek,
505,2028-02-23,Çarşamba,3,Kış: ekipman ve sezon planı,Doğru / Yanlış,Roadcraft Doğru-Yanlış,dogru_yanlis,Agresif sürücüyle karşılaşmak,Arkandan selektör yapıyor,"Egoyu park et: yol ver, uzaklaş, güvenli yere çekil.",İnsan,Sabit,
506,2028-02-24,Perşembe,3,Kış: ekipman ve sezon planı,Teknik Kontrol,Kapalı Alan Tekniği,teknik,Sabit aralıklı slalom (Seviye 2),Sabit aralıklı slalom: çoğu sürücü bunu yanlış yapıyor,"Kapalı alanda doğru uygulama + yaygın hata, tek ana ipucu.",Kontrol,Sabit,
507,2028-02-25,Cuma,3,Sezon açılışı: motosiklet ve sürücü hazırlığı,Sen Olsan?,Quiz (cevap yarın),quiz,Quiz: Grupta öndekini körü körüne takip,Sen olsan ne yapardın? A mı B mi?,"Ramak kala anından 1 sn önce dondur; cevap yorumlarda, çözüm yarın.",Grup / İnsan,Sabit,484
508,2028-02-26,Cumartesi,3,Sezon açılışı: motosiklet ve sürücü hazırlığı,Cevap + Kural,Quiz cevabı,cevap,Cevap: Grupta öndekini körü körüne takip,Dünkü sorunun cevabı: yorumların %… haklıydı,Her sollama ve kavşak kararı senin; grup baskısı karar değildir.,Grup / İnsan,Sabit,484
509,2028-02-27,Pazar,3,Sezon açılışı: motosiklet ve sürücü hazırlığı,Tehlike Avı,Tehlike Avı,tehlike,Stabilize / toprak yol – odak: Gözlem,"Bu sahnede kaç tehlike var? Say, sonra izle",Roadcraft gözlem: stabilize / toprak yol ortamında tehlikeleri erken tanı (gözlem).,Gözlem / Sistem,Esnek,
510,2028-02-28,Pazartesi,3,Sezon açılışı: motosiklet ve sürücü hazırlığı,Beceri Challenge,#Challenge (takipçi katılımlı),challenge,Acil fren noktası – Seviye 3,Bunu yapabilir misin? Acil fren noktası,Kurulum ölçüleri ekranda; takipçiler kendi denemesini etiketler.,Kontrol,Esnek,
511,2028-02-29,Salı,3,Sezon açılışı: motosiklet ve sürücü hazırlığı,Topluluk,Yorumlardan Soru,yorum_soru,Haftanın en çok sorulan sorusu,Bu hafta en çok bunu sordunuz,Haftanın yorum/DM analizinden seçilen soruya kısa cevap.,Değişken,Esnek,
512,2028-03-01,Çarşamba,3,Sezon açılışı: motosiklet ve sürücü hazırlığı,Doğru / Yanlış,Roadcraft Doğru-Yanlış,dogru_yanlis,Yorgunluk,Son 50 km'de hata başladı,Yorgunluk tepki süresini uzatır; mola ritmini önceden planla.,İnsan,Sabit,
513,2028-03-02,Perşembe,3,Sezon açılışı: motosiklet ve sürücü hazırlığı,Teknik Kontrol,Kapalı Alan Tekniği,teknik,Değişken aralıklı slalom (Seviye 2),Değişken aralıklı slalom: çoğu sürücü bunu yanlış yapıyor,"Kapalı alanda doğru uygulama + yaygın hata, tek ana ipucu.",Kontrol,Sabit,
514,2028-03-03,Cuma,3,Sezon açılışı: motosiklet ve sürücü hazırlığı,Sen Olsan?,Quiz (cevap yarın),quiz,Quiz: Sollanırken ne yapmalısın?,Sen olsan ne yapardın? A mı B mi?,"Ramak kala anından 1 sn önce dondur; cevap yorumlarda, çözüm yarın.",Konum / İnsan,Sabit,491
515,2028-03-04,Cumartesi,3,Sezon açılışı: motosiklet ve sürücü hazırlığı,Cevap + Kural,Quiz cevabı,cevap,Cevap: Sollanırken ne yapmalısın?,Dünkü sorunun cevabı: yorumların %… haklıydı,"Hızını koru, pozisyonunla yer aç; yarışa girme.",Konum / İnsan,Sabit,491
516,2028-03-05,Pazar,3,Sezon açılışı: motosiklet ve sürücü hazırlığı,Tehlike Avı,Tehlike Avı,tehlike,Tünel ve köprü – odak: Konumlanma,"Bu sahnede kaç tehlike var? Say, sonra izle",Roadcraft gözlem: tünel ve köprü ortamında tehlikeleri erken tanı (konumlanma).,Gözlem / Sistem,Esnek,
517,2028-03-06,Pazartesi,3,Sezon açılışı: motosiklet ve sürücü hazırlığı,Beceri Challenge,#Challenge (takipçi katılımlı),challenge,Ofset slalom – Seviye 3,Bunu yapabilir misin? Ofset slalom,Kurulum ölçüleri ekranda; takipçiler kendi denemesini etiketler.,Kontrol,Esnek,
518,2028-03-07,Salı,3,Sezon açılışı: motosiklet ve sürücü hazırlığı,Topluluk,Efsane mi Gerçek mi?,efsane,"Ehliyeti aldım, eğitim bitti","'Ehliyeti aldım, eğitim bitti' Efsane mi, gerçek mi?",Yaygın inanışı Roadcraft ve veriyle değerlendir; cevabı izleyiciye önce tahmin ettir.,Değişken,Esnek,
519,2028-03-08,Çarşamba,3,Sezon açılışı: motosiklet ve sürücü hazırlığı,Doğru / Yanlış,Roadcraft Doğru-Yanlış,dogru_yanlis,Telefon / intercom dikkati,Konuşurken kavşağı kaçırdın,Karmaşık trafikte intercom konuşmasını kes; dikkat bölünemez.,İnsan,Sabit,
520,2028-03-09,Perşembe,3,Sezon açılışı: motosiklet ve sürücü hazırlığı,Teknik Kontrol,Kapalı Alan Tekniği,teknik,Ofset koni geçişi (Seviye 2),Ofset koni geçişi: çoğu sürücü bunu yanlış yapıyor,"Kapalı alanda doğru uygulama + yaygın hata, tek ana ipucu.",Kontrol,Sabit,
521,2028-03-10,Cuma,3,Sezon açılışı: motosiklet ve sürücü hazırlığı,Sen Olsan?,Quiz (cevap yarın),quiz,Quiz: Korna mı pozisyon mu?,Sen olsan ne yapardın? A mı B mi?,"Ramak kala anından 1 sn önce dondur; cevap yorumlarda, çözüm yarın.",İnsan,Sabit,498
522,2028-03-11,Cumartesi,3,Sezon açılışı: motosiklet ve sürücü hazırlığı,Cevap + Kural,Quiz cevabı,cevap,Cevap: Korna mı pozisyon mu?,Dünkü sorunun cevabı: yorumların %… haklıydı,"Korna uyarıdır, koruma değildir; önce pozisyon ve hız.",İnsan,Sabit,498
523,2028-03-12,Pazar,3,Sezon açılışı: motosiklet ve sürücü hazırlığı,Tehlike Avı,Tehlike Avı,tehlike,Yol çalışması güzergâhı – odak: Hız ve mesafe,"Bu sahnede kaç tehlike var? Say, sonra izle",Roadcraft gözlem: yol çalışması güzergâhı ortamında tehlikeleri erken tanı (hız ve mesafe).,Gözlem / Sistem,Esnek,
524,2028-03-13,Pazartesi,3,Sezon açılışı: motosiklet ve sürücü hazırlığı,Beceri Challenge,#Challenge (takipçi katılımlı),challenge,Kutu (box) dönüşü – Seviye 3,Bunu yapabilir misin? Kutu (box) dönüşü,Kurulum ölçüleri ekranda; takipçiler kendi denemesini etiketler.,Kontrol,Esnek,
525,2028-03-14,Salı,3,Sezon açılışı: motosiklet ve sürücü hazırlığı,Topluluk,Ekipman & Bakım,ekipman,Balata kontrolü,Balata kontrolü: 30 saniyede,"Seçim / kontrol kriterleri, standart ve pratik ipucu.",Hazırlık,Esnek,
526,2028-03-15,Çarşamba,3,Sezon açılışı: motosiklet ve sürücü hazırlığı,Doğru / Yanlış,Roadcraft Doğru-Yanlış,dogru_yanlis,Gece karşıdan gelen far,Karşıdan gelen far kör etti,"Bakışını yolun sağ kenarına kaydır, hızını görüş mesafene göre düşür.",Gece / Gözlem,Sabit,
527,2028-03-16,Perşembe,3,Sezon açılışı: motosiklet ve sürücü hazırlığı,Teknik Kontrol,Kapalı Alan Tekniği,teknik,Ani duruş + kalkış (Seviye 2),Ani duruş + kalkış: çoğu sürücü bunu yanlış yapıyor,"Kapalı alanda doğru uygulama + yaygın hata, tek ana ipucu.",Kontrol,Sabit,
528,2028-03-17,Cuma,3,Sezon açılışı: motosiklet ve sürücü hazırlığı,Sen Olsan?,Quiz (cevap yarın),quiz,Quiz: Agresif sürücüyle karşılaşmak,Sen olsan ne yapardın? A mı B mi?,"Ramak kala anından 1 sn önce dondur; cevap yorumlarda, çözüm yarın.",İnsan,Sabit,505
529,2028-03-18,Cumartesi,3,Sezon açılışı: motosiklet ve sürücü hazırlığı,Cevap + Kural,Quiz cevabı,cevap,Cevap: Agresif sürücüyle karşılaşmak,Dünkü sorunun cevabı: yorumların %… haklıydı,"Egoyu park et: yol ver, uzaklaş, güvenli yere çekil.",İnsan,Sabit,505
530,2028-03-19,Pazar,3,Sezon açılışı: motosiklet ve sürücü hazırlığı,Tehlike Avı,Tehlike Avı,tehlike,Pazar yeri / kalabalık cadde – odak: Tehlike tahmini,"Bu sahnede kaç tehlike var? Say, sonra izle",Roadcraft gözlem: pazar yeri / kalabalık cadde ortamında tehlikeleri erken tanı (tehlike tahmini).,Gözlem / Sistem,Esnek,
531,2028-03-20,Pazartesi,3,Sezon açılışı: motosiklet ve sürücü hazırlığı,Beceri Challenge,#Challenge (takipçi katılımlı),challenge,Tek koni etrafında dönüş – Seviye 3,Bunu yapabilir misin? Tek koni etrafında dönüş,Kurulum ölçüleri ekranda; takipçiler kendi denemesini etiketler.,Kontrol,Esnek,
532,2028-03-21,Salı,3,Sezon açılışı: motosiklet ve sürücü hazırlığı,Topluluk,Mini Sınav,mini_sinav,Haftanın 3 hızlı sorusu,Bu haftayı ne kadar iyi takip ettin? 3 soru,"Haftanın Pazartesi–Cumartesi konularından 3 hızlı soru, cevaplar sonda.",Değişken,Esnek,
533,2028-03-22,Çarşamba,3,Sezon açılışı: motosiklet ve sürücü hazırlığı,Doğru / Yanlış,Roadcraft Doğru-Yanlış,dogru_yanlis,Yolcu ile fren mesafesi,Arkada eşin varken aynı fren,Yolcu ile ağırlık ve fren mesafesi artar; erken fren.,Kontrol,Sabit,
534,2028-03-23,Perşembe,3,Sezon açılışı: motosiklet ve sürücü hazırlığı,Teknik Kontrol,Kapalı Alan Tekniği,teknik,Kör viraj pozisyonu (koni simülasyonu) (Seviye 2),Kör viraj pozisyonu (koni simülasyonu): çoğu sürücü bunu yanlış yapıyor,"Kapalı alanda doğru uygulama + yaygın hata, tek ana ipucu.",Kontrol,Sabit,
535,2028-03-24,Cuma,3,Sezon açılışı: motosiklet ve sürücü hazırlığı,Sen Olsan?,Quiz (cevap yarın),quiz,Quiz: Yorgunluk,Sen olsan ne yapardın? A mı B mi?,"Ramak kala anından 1 sn önce dondur; cevap yorumlarda, çözüm yarın.",İnsan,Sabit,512
536,2028-03-25,Cumartesi,3,Sezon açılışı: motosiklet ve sürücü hazırlığı,Cevap + Kural,Quiz cevabı,cevap,Cevap: Yorgunluk,Dünkü sorunun cevabı: yorumların %… haklıydı,Yorgunluk tepki süresini uzatır; mola ritmini önceden planla.,İnsan,Sabit,512
537,2028-03-26,Pazar,3,Sezon açılışı: motosiklet ve sürücü hazırlığı,Tehlike Avı,Tehlike Avı,tehlike,Tatil yolu – odak: Sollama kararları,"Bu sahnede kaç tehlike var? Say, sonra izle",Roadcraft gözlem: tatil yolu ortamında tehlikeleri erken tanı (sollama kararları).,Gözlem / Sistem,Esnek,
538,2028-03-27,Pazartesi,3,Temel becerileri tazele,Beceri Challenge,#Challenge (takipçi katılımlı),challenge,Gymkhana mini parkur – Seviye 3,Bunu yapabilir misin? Gymkhana mini parkur,Kurulum ölçüleri ekranda; takipçiler kendi denemesini etiketler.,Kontrol,Esnek,
539,2028-03-28,Salı,3,Temel becerileri tazele,Topluluk,Yorumlardan Soru,yorum_soru,Haftanın en çok sorulan sorusu,Bu hafta en çok bunu sordunuz,Haftanın yorum/DM analizinden seçilen soruya kısa cevap.,Değişken,Esnek,
540,2028-03-29,Çarşamba,3,Temel becerileri tazele,Doğru / Yanlış,Roadcraft Doğru-Yanlış,dogru_yanlis,Yüklü motosiklet ile viraj,"Çantalar dolu, viraj aynı mı?",Yük ağırlık merkezini değiştirir; giriş hızını düşür.,Kontrol,Sabit,
541,2028-03-30,Perşembe,3,Temel becerileri tazele,Teknik Kontrol,Kapalı Alan Tekniği,teknik,Göz tarama egzersizi (Seviye 2),Göz tarama egzersizi: çoğu sürücü bunu yanlış yapıyor,"Kapalı alanda doğru uygulama + yaygın hata, tek ana ipucu.",Kontrol,Sabit,
542,2028-03-31,Cuma,3,Temel becerileri tazele,Sen Olsan?,Quiz (cevap yarın),quiz,Quiz: Telefon / intercom dikkati,Sen olsan ne yapardın? A mı B mi?,"Ramak kala anından 1 sn önce dondur; cevap yorumlarda, çözüm yarın.",İnsan,Sabit,519
543,2028-04-01,Cumartesi,3,Temel becerileri tazele,Cevap + Kural,Quiz cevabı,cevap,Cevap: Telefon / intercom dikkati,Dünkü sorunun cevabı: yorumların %… haklıydı,Karmaşık trafikte intercom konuşmasını kes; dikkat bölünemez.,İnsan,Sabit,519
544,2028-04-02,Pazar,3,Temel becerileri tazele,Tehlike Avı,Tehlike Avı,tehlike,Sabah işe gidiş trafiği – odak: Gözlem,"Bu sahnede kaç tehlike var? Say, sonra izle",Roadcraft gözlem: sabah işe gidiş trafiği ortamında tehlikeleri erken tanı (gözlem).,Gözlem / Sistem,Esnek,
545,2028-04-03,Pazartesi,3,Temel becerileri tazele,Beceri Challenge,#Challenge (takipçi katılımlı),challenge,Fren + kaçınma – Seviye 3,Bunu yapabilir misin? Fren + kaçınma,Kurulum ölçüleri ekranda; takipçiler kendi denemesini etiketler.,Kontrol,Esnek,
546,2028-04-04,Salı,3,Temel becerileri tazele,Topluluk,Efsane mi Gerçek mi?,efsane,Yolcu sürüşü etkilemez,"'Yolcu sürüşü etkilemez' Efsane mi, gerçek mi?",Yaygın inanışı Roadcraft ve veriyle değerlendir; cevabı izleyiciye önce tahmin ettir.,Değişken,Esnek,
547,2028-04-05,Çarşamba,3,Temel becerileri tazele,Doğru / Yanlış,Roadcraft Doğru-Yanlış,dogru_yanlis,Çevre yolu birleşme şeridi,Birleşme şeridinde yavaşladın,"Birleşmede akış hızına ulaş, boşluğu erken seç, omuz kontrolü.",Konum,Sabit,
548,2028-04-06,Perşembe,3,Temel becerileri tazele,Teknik Kontrol,Kapalı Alan Tekniği,teknik,Vücut pozisyonu: lean with / out / in (Seviye 2),Vücut pozisyonu: lean with / out / in: çoğu sürücü bunu yanlış yapıyor,"Kapalı alanda doğru uygulama + yaygın hata, tek ana ipucu.",Kontrol,Sabit,
549,2028-04-07,Cuma,3,Temel becerileri tazele,Sen Olsan?,Quiz (cevap yarın),quiz,Quiz: Gece karşıdan gelen far,Sen olsan ne yapardın? A mı B mi?,"Ramak kala anından 1 sn önce dondur; cevap yorumlarda, çözüm yarın.",Gece / Gözlem,Sabit,526
550,2028-04-08,Cumartesi,3,Temel becerileri tazele,Cevap + Kural,Quiz cevabı,cevap,Cevap: Gece karşıdan gelen far,Dünkü sorunun cevabı: yorumların %… haklıydı,"Bakışını yolun sağ kenarına kaydır, hızını görüş mesafene göre düşür.",Gece / Gözlem,Sabit,526
551,2028-04-09,Pazar,3,Temel becerileri tazele,Tehlike Avı,Tehlike Avı,tehlike,Gün batımı (karşıdan güneş) – odak: Konumlanma,"Bu sahnede kaç tehlike var? Say, sonra izle",Roadcraft gözlem: gün batımı (karşıdan güneş) ortamında tehlikeleri erken tanı (konumlanma).,Gözlem / Sistem,Esnek,
552,2028-04-10,Pazartesi,3,Temel becerileri tazele,Beceri Challenge,#Challenge (takipçi katılımlı),challenge,Yavaş slalom – Seviye 3,Bunu yapabilir misin? Yavaş slalom,Kurulum ölçüleri ekranda; takipçiler kendi denemesini etiketler.,Kontrol,Esnek,
553,2028-04-11,Salı,3,Temel becerileri tazele,Topluluk,Ekipman & Bakım,ekipman,Fren hidroliği,Fren hidroliği: 30 saniyede,"Seçim / kontrol kriterleri, standart ve pratik ipucu.",Hazırlık,Esnek,
554,2028-04-12,Çarşamba,3,Temel becerileri tazele,Doğru / Yanlış,Roadcraft Doğru-Yanlış,dogru_yanlis,Son anda otoyol çıkışı,Çıkışı kaçırmak üzereydin,Çıkışı kaçırdıysan bir sonrakinden çık; son anda şerit kesme.,Sistem,Sabit,
555,2028-04-13,Perşembe,3,Temel becerileri tazele,Teknik Kontrol,Kapalı Alan Tekniği,teknik,Geç apeks çizgisi (Seviye 2),Geç apeks çizgisi: çoğu sürücü bunu yanlış yapıyor,"Kapalı alanda doğru uygulama + yaygın hata, tek ana ipucu.",Kontrol,Sabit,
556,2028-04-14,Cuma,3,Temel becerileri tazele,Sen Olsan?,Quiz (cevap yarın),quiz,Quiz: Yolcu ile fren mesafesi,Sen olsan ne yapardın? A mı B mi?,"Ramak kala anından 1 sn önce dondur; cevap yorumlarda, çözüm yarın.",Kontrol,Sabit,533
557,2028-04-15,Cumartesi,3,Temel becerileri tazele,Cevap + Kural,Quiz cevabı,cevap,Cevap: Yolcu ile fren mesafesi,Dünkü sorunun cevabı: yorumların %… haklıydı,Yolcu ile ağırlık ve fren mesafesi artar; erken fren.,Kontrol,Sabit,533
558,2028-04-16,Pazar,3,Temel becerileri tazele,Tehlike Avı,Tehlike Avı,tehlike,Kırsal kavşaklar – odak: Hız ve mesafe,"Bu sahnede kaç tehlike var? Say, sonra izle",Roadcraft gözlem: kırsal kavşaklar ortamında tehlikeleri erken tanı (hız ve mesafe).,Gözlem / Sistem,Esnek,
559,2028-04-17,Pazartesi,3,Temel becerileri tazele,Beceri Challenge,#Challenge (takipçi katılımlı),challenge,Kafa çevirme ile 90° dönüş – Seviye 3,Bunu yapabilir misin? Kafa çevirme ile 90° dönüş,Kurulum ölçüleri ekranda; takipçiler kendi denemesini etiketler.,Kontrol,Esnek,
560,2028-04-18,Salı,3,Temel becerileri tazele,Topluluk,Mini Sınav,mini_sinav,Haftanın 3 hızlı sorusu,Bu haftayı ne kadar iyi takip ettin? 3 soru,"Haftanın Pazartesi–Cumartesi konularından 3 hızlı soru, cevaplar sonda.",Değişken,Esnek,
561,2028-04-19,Çarşamba,3,Temel becerileri tazele,Doğru / Yanlış,Roadcraft Doğru-Yanlış,dogru_yanlis,Trafikte açılan kapı,"Taksi durdu, kapı açıldı",Duran aracın yanından geçerken kapı mesafesi ve hız.,Gözlem / Konum,Sabit,
562,2028-04-20,Perşembe,3,Temel becerileri tazele,Teknik Kontrol,Kapalı Alan Tekniği,teknik,Fren noktası belirleme (Seviye 2),Fren noktası belirleme: çoğu sürücü bunu yanlış yapıyor,"Kapalı alanda doğru uygulama + yaygın hata, tek ana ipucu.",Kontrol,Sabit,
563,2028-04-21,Cuma,3,Temel becerileri tazele,Sen Olsan?,Quiz (cevap yarın),quiz,Quiz: Yüklü motosiklet ile viraj,Sen olsan ne yapardın? A mı B mi?,"Ramak kala anından 1 sn önce dondur; cevap yorumlarda, çözüm yarın.",Kontrol,Sabit,540
564,2028-04-22,Cumartesi,3,Temel becerileri tazele,Cevap + Kural,Quiz cevabı,cevap,Cevap: Yüklü motosiklet ile viraj,Dünkü sorunun cevabı: yorumların %… haklıydı,Yük ağırlık merkezini değiştirir; giriş hızını düşür.,Kontrol,Sabit,540
565,2028-04-23,Pazar,3,Temel becerileri tazele,Tehlike Avı,Tehlike Avı,tehlike,Şehir içi ana cadde – odak: Sollama kararları,"Bu sahnede kaç tehlike var? Say, sonra izle",Roadcraft gözlem: şehir içi ana cadde ortamında tehlikeleri erken tanı (sollama kararları).,Gözlem / Sistem,Esnek,
566,2028-04-24,Pazartesi,3,Temel becerileri tazele,Beceri Challenge,#Challenge (takipçi katılımlı),challenge,Dar koridor (1 m) düz gidiş – Seviye 3,Bunu yapabilir misin? Dar koridor (1 m) düz gidiş,Kurulum ölçüleri ekranda; takipçiler kendi denemesini etiketler.,Kontrol,Esnek,
567,2028-04-25,Salı,3,Temel becerileri tazele,Topluluk,Yorumlardan Soru,yorum_soru,Haftanın en çok sorulan sorusu,Bu hafta en çok bunu sordunuz,Haftanın yorum/DM analizinden seçilen soruya kısa cevap.,Değişken,Esnek,
568,2028-04-26,Çarşamba,3,Viraj ayı,Doğru / Yanlış,Roadcraft Doğru-Yanlış,dogru_yanlis,Taksinin ani duruşu,El kaldıran yolcu = ani fren,Kaldırımda el kaldıran varsa öndeki taksi duracak.,Gözlem,Sabit,
569,2028-04-27,Perşembe,3,Viraj ayı,Teknik Kontrol,Kapalı Alan Tekniği,teknik,Dönüş noktası belirleme (Seviye 2),Dönüş noktası belirleme: çoğu sürücü bunu yanlış yapıyor,"Kapalı alanda doğru uygulama + yaygın hata, tek ana ipucu.",Kontrol,Sabit,
570,2028-04-28,Cuma,3,Viraj ayı,Sen Olsan?,Quiz (cevap yarın),quiz,Quiz: Çevre yolu birleşme şeridi,Sen olsan ne yapardın? A mı B mi?,"Ramak kala anından 1 sn önce dondur; cevap yorumlarda, çözüm yarın.",Konum,Sabit,547
571,2028-04-29,Cumartesi,3,Viraj ayı,Cevap + Kural,Quiz cevabı,cevap,Cevap: Çevre yolu birleşme şeridi,Dünkü sorunun cevabı: yorumların %… haklıydı,"Birleşmede akış hızına ulaş, boşluğu erken seç, omuz kontrolü.",Konum,Sabit,547
572,2028-04-30,Pazar,3,Viraj ayı,Tehlike Avı,Tehlike Avı,tehlike,Mahalle arası – odak: Gözlem,"Bu sahnede kaç tehlike var? Say, sonra izle",Roadcraft gözlem: mahalle arası ortamında tehlikeleri erken tanı (gözlem).,Gözlem / Sistem,Esnek,
573,2028-05-01,Pazartesi,3,Viraj ayı,Beceri Challenge,#Challenge (takipçi katılımlı),challenge,Ayakta düz gidiş – Seviye 3,Bunu yapabilir misin? Ayakta düz gidiş,Kurulum ölçüleri ekranda; takipçiler kendi denemesini etiketler.,Kontrol,Esnek,
574,2028-05-02,Salı,3,Viraj ayı,Topluluk,Efsane mi Gerçek mi?,efsane,Islak yolda lastik basıncını düşür,"'Islak yolda lastik basıncını düşür' Efsane mi, gerçek mi?",Yaygın inanışı Roadcraft ve veriyle değerlendir; cevabı izleyiciye önce tahmin ettir.,Değişken,Esnek,
575,2028-05-03,Çarşamba,3,Viraj ayı,Doğru / Yanlış,Roadcraft Doğru-Yanlış,dogru_yanlis,Kurye ve scooter davranışı,Kurye sağdan çıktı,İki tekerliler de tahmin edilemez; aynı mesafeyi onlara da bırak.,Gözlem,Sabit,
576,2028-05-04,Perşembe,3,Viraj ayı,Teknik Kontrol,Kapalı Alan Tekniği,teknik,Devrilen motosikleti kaldırma (Seviye 2),Devrilen motosikleti kaldırma: çoğu sürücü bunu yanlış yapıyor,"Kapalı alanda doğru uygulama + yaygın hata, tek ana ipucu.",Kontrol,Sabit,
577,2028-05-05,Cuma,3,Viraj ayı,Sen Olsan?,Quiz (cevap yarın),quiz,Quiz: Son anda otoyol çıkışı,Sen olsan ne yapardın? A mı B mi?,"Ramak kala anından 1 sn önce dondur; cevap yorumlarda, çözüm yarın.",Sistem,Sabit,554
578,2028-05-06,Cumartesi,3,Viraj ayı,Cevap + Kural,Quiz cevabı,cevap,Cevap: Son anda otoyol çıkışı,Dünkü sorunun cevabı: yorumların %… haklıydı,Çıkışı kaçırdıysan bir sonrakinden çık; son anda şerit kesme.,Sistem,Sabit,554
579,2028-05-07,Pazar,3,Viraj ayı,Tehlike Avı,Tehlike Avı,tehlike,Çevre yolu – odak: Konumlanma,"Bu sahnede kaç tehlike var? Say, sonra izle",Roadcraft gözlem: çevre yolu ortamında tehlikeleri erken tanı (konumlanma).,Gözlem / Sistem,Esnek,
580,2028-05-08,Pazartesi,3,Viraj ayı,Beceri Challenge,#Challenge (takipçi katılımlı),challenge,Ani duruş çizgisi – Seviye 3,Bunu yapabilir misin? Ani duruş çizgisi,Kurulum ölçüleri ekranda; takipçiler kendi denemesini etiketler.,Kontrol,Esnek,
581,2028-05-09,Salı,3,Viraj ayı,Topluluk,Ekipman & Bakım,ekipman,Aküyü kışa hazırlamak,Aküyü kışa hazırlamak: 30 saniyede,"Seçim / kontrol kriterleri, standart ve pratik ipucu.",Hazırlık,Esnek,
582,2028-05-10,Çarşamba,3,Viraj ayı,Doğru / Yanlış,Roadcraft Doğru-Yanlış,dogru_yanlis,Kaldırımdan inen scooter / bisiklet,Kaldırımdan iniverdi,Kaldırımdaki hareketli her şey yola inebilir.,Gözlem,Sabit,
583,2028-05-11,Perşembe,3,Viraj ayı,Teknik Kontrol,Kapalı Alan Tekniği,teknik,Motosikleti itme ve park manevrası (Seviye 2),Motosikleti itme ve park manevrası: çoğu sürücü bunu yanlış yapıyor,"Kapalı alanda doğru uygulama + yaygın hata, tek ana ipucu.",Kontrol,Sabit,
584,2028-05-12,Cuma,3,Viraj ayı,Sen Olsan?,Quiz (cevap yarın),quiz,Quiz: Trafikte açılan kapı,Sen olsan ne yapardın? A mı B mi?,"Ramak kala anından 1 sn önce dondur; cevap yorumlarda, çözüm yarın.",Gözlem / Konum,Sabit,561
585,2028-05-13,Cumartesi,3,Viraj ayı,Cevap + Kural,Quiz cevabı,cevap,Cevap: Trafikte açılan kapı,Dünkü sorunun cevabı: yorumların %… haklıydı,Duran aracın yanından geçerken kapı mesafesi ve hız.,Gözlem / Konum,Sabit,561
586,2028-05-14,Pazar,3,Viraj ayı,Tehlike Avı,Tehlike Avı,tehlike,Otoyol – odak: Hız ve mesafe,"Bu sahnede kaç tehlike var? Say, sonra izle",Roadcraft gözlem: otoyol ortamında tehlikeleri erken tanı (hız ve mesafe).,Gözlem / Sistem,Esnek,
587,2028-05-15,Pazartesi,3,Viraj ayı,Beceri Challenge,#Challenge (takipçi katılımlı),challenge,Spiral (daralan daire) – Seviye 3,Bunu yapabilir misin? Spiral (daralan daire),Kurulum ölçüleri ekranda; takipçiler kendi denemesini etiketler.,Kontrol,Esnek,
588,2028-05-16,Salı,3,Viraj ayı,Topluluk,Mini Sınav,mini_sinav,Haftanın 3 hızlı sorusu,Bu haftayı ne kadar iyi takip ettin? 3 soru,"Haftanın Pazartesi–Cumartesi konularından 3 hızlı soru, cevaplar sonda.",Değişken,Esnek,
589,2028-05-17,Çarşamba,3,Viraj ayı,Doğru / Yanlış,Roadcraft Doğru-Yanlış,dogru_yanlis,Kırmızıda bekleme yeri,Kamyonun hemen yanında bekledin,Durduğun yer aracın kör noktası olmasın; görüneceğin yerde dur.,Konum,Sabit,
590,2028-05-18,Perşembe,3,Viraj ayı,Teknik Kontrol,Kapalı Alan Tekniği,teknik,Yan sehpa ve kalkış güvenliği (Seviye 2),Yan sehpa ve kalkış güvenliği: çoğu sürücü bunu yanlış yapıyor,"Kapalı alanda doğru uygulama + yaygın hata, tek ana ipucu.",Kontrol,Sabit,
591,2028-05-19,Cuma,3,Viraj ayı,Sen Olsan?,Quiz (cevap yarın),quiz,Quiz: Taksinin ani duruşu,Sen olsan ne yapardın? A mı B mi?,"Ramak kala anından 1 sn önce dondur; cevap yorumlarda, çözüm yarın.",Gözlem,Sabit,568
592,2028-05-20,Cumartesi,3,Viraj ayı,Cevap + Kural,Quiz cevabı,cevap,Cevap: Taksinin ani duruşu,Dünkü sorunun cevabı: yorumların %… haklıydı,Kaldırımda el kaldıran varsa öndeki taksi duracak.,Gözlem,Sabit,568
593,2028-05-21,Pazar,3,Viraj ayı,Tehlike Avı,Tehlike Avı,tehlike,Köy yolu – odak: Tehlike tahmini,"Bu sahnede kaç tehlike var? Say, sonra izle",Roadcraft gözlem: köy yolu ortamında tehlikeleri erken tanı (tehlike tahmini).,Gözlem / Sistem,Esnek,
594,2028-05-22,Pazartesi,3,Viraj ayı,Beceri Challenge,#Challenge (takipçi katılımlı),challenge,Kilit tutuşta tam tur – Seviye 3,Bunu yapabilir misin? Kilit tutuşta tam tur,Kurulum ölçüleri ekranda; takipçiler kendi denemesini etiketler.,Kontrol,Esnek,
595,2028-05-23,Salı,3,Viraj ayı,Topluluk,Yorumlardan Soru,yorum_soru,Haftanın en çok sorulan sorusu,Bu hafta en çok bunu sordunuz,Haftanın yorum/DM analizinden seçilen soruya kısa cevap.,Değişken,Esnek,
596,2028-05-24,Çarşamba,3,Viraj ayı,Doğru / Yanlış,Roadcraft Doğru-Yanlış,dogru_yanlis,Çift sıra park,Çift sıra parkın arkasından çıkış,Çift sıra parktaki aracın sürücüsü her an çıkabilir.,Gözlem,Sabit,
597,2028-05-25,Perşembe,3,Viraj ayı,Teknik Kontrol,Kapalı Alan Tekniği,teknik,Yolcu ile denge (Seviye 2),Yolcu ile denge: çoğu sürücü bunu yanlış yapıyor,"Kapalı alanda doğru uygulama + yaygın hata, tek ana ipucu.",Kontrol,Sabit,
598,2028-05-26,Cuma,3,Viraj ayı,Sen Olsan?,Quiz (cevap yarın),quiz,Quiz: Kurye ve scooter davranışı,Sen olsan ne yapardın? A mı B mi?,"Ramak kala anından 1 sn önce dondur; cevap yorumlarda, çözüm yarın.",Gözlem,Sabit,575
599,2028-05-27,Cumartesi,3,Uzun yol ve tur,Cevap + Kural,Quiz cevabı,cevap,Cevap: Kurye ve scooter davranışı,Dünkü sorunun cevabı: yorumların %… haklıydı,İki tekerliler de tahmin edilemez; aynı mesafeyi onlara da bırak.,Gözlem,Sabit,575
600,2028-05-28,Pazar,3,Uzun yol ve tur,Tehlike Avı,Tehlike Avı,tehlike,Virajlı dağ yolu – odak: Sollama kararları,"Bu sahnede kaç tehlike var? Say, sonra izle",Roadcraft gözlem: virajlı dağ yolu ortamında tehlikeleri erken tanı (sollama kararları).,Gözlem / Sistem,Esnek,
601,2028-05-29,Pazartesi,3,Uzun yol ve tur,Beceri Challenge,#Challenge (takipçi katılımlı),challenge,Hızlandır–fren–dön kombinasyonu – Seviye 3,Bunu yapabilir misin? Hızlandır–fren–dön kombinasyonu,Kurulum ölçüleri ekranda; takipçiler kendi denemesini etiketler.,Kontrol,Esnek,
602,2028-05-30,Salı,3,Uzun yol ve tur,Topluluk,Efsane mi Gerçek mi?,efsane,Çekiş kontrolü her şeyi kurtarır,"'Çekiş kontrolü her şeyi kurtarır' Efsane mi, gerçek mi?",Yaygın inanışı Roadcraft ve veriyle değerlendir; cevabı izleyiciye önce tahmin ettir.,Değişken,Esnek,
603,2028-05-31,Çarşamba,3,Uzun yol ve tur,Doğru / Yanlış,Roadcraft Doğru-Yanlış,dogru_yanlis,Duraktan çıkan otobüs,Otobüs sinyal verdi ve çıktı,Duraktan çıkan otobüse yol ver; boyut farkı tartışmaz.,Gözlem / Konum,Sabit,
604,2028-06-01,Perşembe,3,Uzun yol ve tur,Teknik Kontrol,Kapalı Alan Tekniği,teknik,Yük ile denge (Seviye 2),Yük ile denge: çoğu sürücü bunu yanlış yapıyor,"Kapalı alanda doğru uygulama + yaygın hata, tek ana ipucu.",Kontrol,Sabit,
605,2028-06-02,Cuma,3,Uzun yol ve tur,Sen Olsan?,Quiz (cevap yarın),quiz,Quiz: Kaldırımdan inen scooter / bisiklet,Sen olsan ne yapardın? A mı B mi?,"Ramak kala anından 1 sn önce dondur; cevap yorumlarda, çözüm yarın.",Gözlem,Sabit,582
606,2028-06-03,Cumartesi,3,Uzun yol ve tur,Cevap + Kural,Quiz cevabı,cevap,Cevap: Kaldırımdan inen scooter / bisiklet,Dünkü sorunun cevabı: yorumların %… haklıydı,Kaldırımdaki hareketli her şey yola inebilir.,Gözlem,Sabit,582
607,2028-06-04,Pazar,3,Uzun yol ve tur,Tehlike Avı,Tehlike Avı,tehlike,Gece şehir içi – odak: Gözlem,"Bu sahnede kaç tehlike var? Say, sonra izle",Roadcraft gözlem: gece şehir içi ortamında tehlikeleri erken tanı (gözlem).,Gözlem / Sistem,Esnek,
608,2028-06-05,Pazartesi,3,Uzun yol ve tur,Beceri Challenge,#Challenge (takipçi katılımlı),challenge,Yokuşta kalkış challenge – Seviye 3,Bunu yapabilir misin? Yokuşta kalkış challenge,Kurulum ölçüleri ekranda; takipçiler kendi denemesini etiketler.,Kontrol,Esnek,
609,2028-06-06,Salı,3,Uzun yol ve tur,Topluluk,Ekipman & Bakım,ekipman,Kışlık depolama,Kışlık depolama: 30 saniyede,"Seçim / kontrol kriterleri, standart ve pratik ipucu.",Hazırlık,Esnek,
610,2028-06-07,Çarşamba,3,Uzun yol ve tur,Doğru / Yanlış,Roadcraft Doğru-Yanlış,dogru_yanlis,Okul servisi,"Servis durdu, çocuklar iniyor",Duran servisin çevresi en yüksek riskli alan; durmaya hazır ol.,Gözlem,Sabit,
611,2028-06-08,Perşembe,3,Uzun yol ve tur,Teknik Kontrol,Kapalı Alan Tekniği,teknik,Islak zeminde fren (Seviye 2),Islak zeminde fren: çoğu sürücü bunu yanlış yapıyor,"Kapalı alanda doğru uygulama + yaygın hata, tek ana ipucu.",Kontrol,Sabit,
612,2028-06-09,Cuma,3,Uzun yol ve tur,Sen Olsan?,Quiz (cevap yarın),quiz,Quiz: Kırmızıda bekleme yeri,Sen olsan ne yapardın? A mı B mi?,"Ramak kala anından 1 sn önce dondur; cevap yorumlarda, çözüm yarın.",Konum,Sabit,589
613,2028-06-10,Cumartesi,3,Uzun yol ve tur,Cevap + Kural,Quiz cevabı,cevap,Cevap: Kırmızıda bekleme yeri,Dünkü sorunun cevabı: yorumların %… haklıydı,Durduğun yer aracın kör noktası olmasın; görüneceğin yerde dur.,Konum,Sabit,589
614,2028-06-11,Pazar,3,Uzun yol ve tur,Tehlike Avı,Tehlike Avı,tehlike,Yağmurda şehir içi – odak: Konumlanma,"Bu sahnede kaç tehlike var? Say, sonra izle",Roadcraft gözlem: yağmurda şehir içi ortamında tehlikeleri erken tanı (konumlanma).,Gözlem / Sistem,Esnek,
615,2028-06-12,Pazartesi,3,Uzun yol ve tur,Beceri Challenge,#Challenge (takipçi katılımlı),challenge,Çift sekiz – Seviye 3,Bunu yapabilir misin? Çift sekiz,Kurulum ölçüleri ekranda; takipçiler kendi denemesini etiketler.,Kontrol,Esnek,
616,2028-06-13,Salı,3,Uzun yol ve tur,Topluluk,Mini Sınav,mini_sinav,Haftanın 3 hızlı sorusu,Bu haftayı ne kadar iyi takip ettin? 3 soru,"Haftanın Pazartesi–Cumartesi konularından 3 hızlı soru, cevaplar sonda.",Değişken,Esnek,
617,2028-06-14,Çarşamba,3,Uzun yol ve tur,Doğru / Yanlış,Roadcraft Doğru-Yanlış,dogru_yanlis,Akşam iş çıkışı trafiği,Herkes eve yetişmeye çalışıyor,Yorgun ve aceleci sürücü kitlesi; mesafeyi artır.,İnsan,Sabit,
618,2028-06-15,Perşembe,3,Uzun yol ve tur,Teknik Kontrol,Kapalı Alan Tekniği,teknik,Çakıl üstünde sürüş (Seviye 2),Çakıl üstünde sürüş: çoğu sürücü bunu yanlış yapıyor,"Kapalı alanda doğru uygulama + yaygın hata, tek ana ipucu.",Kontrol,Sabit,
619,2028-06-16,Cuma,3,Uzun yol ve tur,Sen Olsan?,Quiz (cevap yarın),quiz,Quiz: Çift sıra park,Sen olsan ne yapardın? A mı B mi?,"Ramak kala anından 1 sn önce dondur; cevap yorumlarda, çözüm yarın.",Gözlem,Sabit,596
620,2028-06-17,Cumartesi,3,Uzun yol ve tur,Cevap + Kural,Quiz cevabı,cevap,Cevap: Çift sıra park,Dünkü sorunun cevabı: yorumların %… haklıydı,Çift sıra parktaki aracın sürücüsü her an çıkabilir.,Gözlem,Sabit,596
621,2028-06-18,Pazar,3,Uzun yol ve tur,Tehlike Avı,Tehlike Avı,tehlike,Okul bölgesi – odak: Hız ve mesafe,"Bu sahnede kaç tehlike var? Say, sonra izle",Roadcraft gözlem: okul bölgesi ortamında tehlikeleri erken tanı (hız ve mesafe).,Gözlem / Sistem,Esnek,
622,2028-06-19,Pazartesi,3,Uzun yol ve tur,Beceri Challenge,#Challenge (takipçi katılımlı),challenge,Zigzag kapı – Seviye 3,Bunu yapabilir misin? Zigzag kapı,Kurulum ölçüleri ekranda; takipçiler kendi denemesini etiketler.,Kontrol,Esnek,
623,2028-06-20,Salı,3,Uzun yol ve tur,Topluluk,Yorumlardan Soru,yorum_soru,Haftanın en çok sorulan sorusu,Bu hafta en çok bunu sordunuz,Haftanın yorum/DM analizinden seçilen soruya kısa cevap.,Değişken,Esnek,
624,2028-06-21,Çarşamba,3,Uzun yol ve tur,Doğru / Yanlış,Roadcraft Doğru-Yanlış,dogru_yanlis,Yol çalışmasında daralma,Şerit aniden bitti,"Yol çalışması işaretlerini erken oku, birleşmeyi erken yap.",Gözlem,Sabit,
625,2028-06-22,Perşembe,3,Uzun yol ve tur,Teknik Kontrol,Kapalı Alan Tekniği,teknik,Ayakta frenleme (Seviye 2),Ayakta frenleme: çoğu sürücü bunu yanlış yapıyor,"Kapalı alanda doğru uygulama + yaygın hata, tek ana ipucu.",Kontrol,Sabit,
626,2028-06-23,Cuma,3,Uzun yol ve tur,Sen Olsan?,Quiz (cevap yarın),quiz,Quiz: Duraktan çıkan otobüs,Sen olsan ne yapardın? A mı B mi?,"Ramak kala anından 1 sn önce dondur; cevap yorumlarda, çözüm yarın.",Gözlem / Konum,Sabit,603
627,2028-06-24,Cumartesi,3,Uzun yol ve tur,Cevap + Kural,Quiz cevabı,cevap,Cevap: Duraktan çıkan otobüs,Dünkü sorunun cevabı: yorumların %… haklıydı,Duraktan çıkan otobüse yol ver; boyut farkı tartışmaz.,Gözlem / Konum,Sabit,603
628,2028-06-25,Pazar,3,Uzun yol ve tur,Tehlike Avı,Tehlike Avı,tehlike,Sanayi bölgesi (ağır vasıta) – odak: Tehlike tahmini,"Bu sahnede kaç tehlike var? Say, sonra izle",Roadcraft gözlem: sanayi bölgesi (ağır vasıta) ortamında tehlikeleri erken tanı (tehlike tahmini).,Gözlem / Sistem,Esnek,
629,2028-06-26,Pazartesi,3,"Sıcak, yorgunluk, grup sürüşü",Beceri Challenge,#Challenge (takipçi katılımlı),challenge,Koni topla / bırak (hassasiyet) – Seviye 3,Bunu yapabilir misin? Koni topla / bırak (hassasiyet),Kurulum ölçüleri ekranda; takipçiler kendi denemesini etiketler.,Kontrol,Esnek,
630,2028-06-27,Salı,3,"Sıcak, yorgunluk, grup sürüşü",Topluluk,Efsane mi Gerçek mi?,efsane,Kısa mesafede ekipman gerekmez,"'Kısa mesafede ekipman gerekmez' Efsane mi, gerçek mi?",Yaygın inanışı Roadcraft ve veriyle değerlendir; cevabı izleyiciye önce tahmin ettir.,Değişken,Esnek,
631,2028-06-28,Çarşamba,3,"Sıcak, yorgunluk, grup sürüşü",Doğru / Yanlış,Roadcraft Doğru-Yanlış,dogru_yanlis,Kör noktada yan yana gitmek,Üç dakikadır yan yanasınız,Uzun süre yan yana gitme; ya geç ya geri çekil.,Konum,Sabit,
632,2028-06-29,Perşembe,3,"Sıcak, yorgunluk, grup sürüşü",Teknik Kontrol,Kapalı Alan Tekniği,teknik,Tek el sürüş (el işareti) (Seviye 2),Tek el sürüş (el işareti): çoğu sürücü bunu yanlış yapıyor,"Kapalı alanda doğru uygulama + yaygın hata, tek ana ipucu.",Kontrol,Sabit,
633,2028-06-30,Cuma,3,"Sıcak, yorgunluk, grup sürüşü",Sen Olsan?,Quiz (cevap yarın),quiz,Quiz: Okul servisi,Sen olsan ne yapardın? A mı B mi?,"Ramak kala anından 1 sn önce dondur; cevap yorumlarda, çözüm yarın.",Gözlem,Sabit,610
634,2028-07-01,Cumartesi,3,"Sıcak, yorgunluk, grup sürüşü",Cevap + Kural,Quiz cevabı,cevap,Cevap: Okul servisi,Dünkü sorunun cevabı: yorumların %… haklıydı,Duran servisin çevresi en yüksek riskli alan; durmaya hazır ol.,Gözlem,Sabit,610
635,2028-07-02,Pazar,3,"Sıcak, yorgunluk, grup sürüşü",Tehlike Avı,Tehlike Avı,tehlike,Yoğun meydan / kavşak – odak: Sollama kararları,"Bu sahnede kaç tehlike var? Say, sonra izle",Roadcraft gözlem: yoğun meydan / kavşak ortamında tehlikeleri erken tanı (sollama kararları).,Gözlem / Sistem,Esnek,
636,2028-07-03,Pazartesi,3,"Sıcak, yorgunluk, grup sürüşü",Beceri Challenge,#Challenge (takipçi katılımlı),challenge,Kapalı gözlü değil: gözler yukarı slalom – Seviye 3,Bunu yapabilir misin? Kapalı gözlü değil: gözler yukarı slalom,Kurulum ölçüleri ekranda; takipçiler kendi denemesini etiketler.,Kontrol,Esnek,
637,2028-07-04,Salı,3,"Sıcak, yorgunluk, grup sürüşü",Topluluk,Ekipman & Bakım,ekipman,Sezon açılışı kontrol listesi,Sezon açılışı kontrol listesi: 30 saniyede,"Seçim / kontrol kriterleri, standart ve pratik ipucu.",Hazırlık,Esnek,
638,2028-07-05,Çarşamba,3,"Sıcak, yorgunluk, grup sürüşü",Doğru / Yanlış,Roadcraft Doğru-Yanlış,dogru_yanlis,Şerit değiştirecek aracın niyeti,Sinyalsiz şerit değiştirdi,Aracın şerit içindeki kayması ve sürücünün kafası niyeti gösterir.,Gözlem,Sabit,
639,2028-07-06,Perşembe,3,"Sıcak, yorgunluk, grup sürüşü",Teknik Kontrol,Kapalı Alan Tekniği,teknik,Omuz kontrolü sırasında hat koruma (Seviye 2),Omuz kontrolü sırasında hat koruma: çoğu sürücü bunu yanlış yapıyor,"Kapalı alanda doğru uygulama + yaygın hata, tek ana ipucu.",Kontrol,Sabit,
640,2028-07-07,Cuma,3,"Sıcak, yorgunluk, grup sürüşü",Sen Olsan?,Quiz (cevap yarın),quiz,Quiz: Akşam iş çıkışı trafiği,Sen olsan ne yapardın? A mı B mi?,"Ramak kala anından 1 sn önce dondur; cevap yorumlarda, çözüm yarın.",İnsan,Sabit,617
641,2028-07-08,Cumartesi,3,"Sıcak, yorgunluk, grup sürüşü",Cevap + Kural,Quiz cevabı,cevap,Cevap: Akşam iş çıkışı trafiği,Dünkü sorunun cevabı: yorumların %… haklıydı,Yorgun ve aceleci sürücü kitlesi; mesafeyi artır.,İnsan,Sabit,617
642,2028-07-09,Pazar,3,"Sıcak, yorgunluk, grup sürüşü",Tehlike Avı,Tehlike Avı,tehlike,Dönel kavşak serisi – odak: Gözlem,"Bu sahnede kaç tehlike var? Say, sonra izle",Roadcraft gözlem: dönel kavşak serisi ortamında tehlikeleri erken tanı (gözlem).,Gözlem / Sistem,Esnek,
643,2028-07-10,Pazartesi,3,"Sıcak, yorgunluk, grup sürüşü",Beceri Challenge,#Challenge (takipçi katılımlı),challenge,Ritim slalomu – Seviye 3,Bunu yapabilir misin? Ritim slalomu,Kurulum ölçüleri ekranda; takipçiler kendi denemesini etiketler.,Kontrol,Esnek,
644,2028-07-11,Salı,3,"Sıcak, yorgunluk, grup sürüşü",Topluluk,Mini Sınav,mini_sinav,Haftanın 3 hızlı sorusu,Bu haftayı ne kadar iyi takip ettin? 3 soru,"Haftanın Pazartesi–Cumartesi konularından 3 hızlı soru, cevaplar sonda.",Değişken,Esnek,
645,2028-07-12,Çarşamba,3,"Sıcak, yorgunluk, grup sürüşü",Doğru / Yanlış,Roadcraft Doğru-Yanlış,dogru_yanlis,Virajdan önce bitmeyen sollama,"Viraj yaklaştı, sollama bitmedi",Bitmeyecek sollamadan erkenden vazgeç; geri çekil.,Sollama,Sabit,
646,2028-07-13,Perşembe,3,"Sıcak, yorgunluk, grup sürüşü",Teknik Kontrol,Kapalı Alan Tekniği,teknik,Ayna kontrolü sırasında hat koruma (Seviye 2),Ayna kontrolü sırasında hat koruma: çoğu sürücü bunu yanlış yapıyor,"Kapalı alanda doğru uygulama + yaygın hata, tek ana ipucu.",Kontrol,Sabit,
647,2028-07-14,Cuma,3,"Sıcak, yorgunluk, grup sürüşü",Sen Olsan?,Quiz (cevap yarın),quiz,Quiz: Yol çalışmasında daralma,Sen olsan ne yapardın? A mı B mi?,"Ramak kala anından 1 sn önce dondur; cevap yorumlarda, çözüm yarın.",Gözlem,Sabit,624
648,2028-07-15,Cumartesi,3,"Sıcak, yorgunluk, grup sürüşü",Cevap + Kural,Quiz cevabı,cevap,Cevap: Yol çalışmasında daralma,Dünkü sorunun cevabı: yorumların %… haklıydı,"Yol çalışması işaretlerini erken oku, birleşmeyi erken yap.",Gözlem,Sabit,624
649,2028-07-16,Pazar,3,"Sıcak, yorgunluk, grup sürüşü",Tehlike Avı,Tehlike Avı,tehlike,Stabilize / toprak yol – odak: Konumlanma,"Bu sahnede kaç tehlike var? Say, sonra izle",Roadcraft gözlem: stabilize / toprak yol ortamında tehlikeleri erken tanı (konumlanma).,Gözlem / Sistem,Esnek,
650,2028-07-17,Pazartesi,3,"Sıcak, yorgunluk, grup sürüşü",Beceri Challenge,#Challenge (takipçi katılımlı),challenge,Kaçınma kapısı (renk komutu) – Seviye 3,Bunu yapabilir misin? Kaçınma kapısı (renk komutu),Kurulum ölçüleri ekranda; takipçiler kendi denemesini etiketler.,Kontrol,Esnek,
651,2028-07-18,Salı,3,"Sıcak, yorgunluk, grup sürüşü",Topluluk,Yorumlardan Soru,yorum_soru,Haftanın en çok sorulan sorusu,Bu hafta en çok bunu sordunuz,Haftanın yorum/DM analizinden seçilen soruya kısa cevap.,Değişken,Esnek,
652,2028-07-19,Çarşamba,3,"Sıcak, yorgunluk, grup sürüşü",Doğru / Yanlış,Roadcraft Doğru-Yanlış,dogru_yanlis,Arkadan gelen kamyon,Aynada büyüyen kamyon,Arkadaki ağır aracı izle; fren yapmadan önce mesafesini bil.,Gözlem,Sabit,
653,2028-07-20,Perşembe,3,"Sıcak, yorgunluk, grup sürüşü",Teknik Kontrol,Kapalı Alan Tekniği,teknik,Eğitimde intercom kullanımı (Seviye 2),Eğitimde intercom kullanımı: çoğu sürücü bunu yanlış yapıyor,"Kapalı alanda doğru uygulama + yaygın hata, tek ana ipucu.",Kontrol,Sabit,
654,2028-07-21,Cuma,3,"Sıcak, yorgunluk, grup sürüşü",Sen Olsan?,Quiz (cevap yarın),quiz,Quiz: Kör noktada yan yana gitmek,Sen olsan ne yapardın? A mı B mi?,"Ramak kala anından 1 sn önce dondur; cevap yorumlarda, çözüm yarın.",Konum,Sabit,631
655,2028-07-22,Cumartesi,3,"Sıcak, yorgunluk, grup sürüşü",Cevap + Kural,Quiz cevabı,cevap,Cevap: Kör noktada yan yana gitmek,Dünkü sorunun cevabı: yorumların %… haklıydı,Uzun süre yan yana gitme; ya geç ya geri çekil.,Konum,Sabit,631
656,2028-07-23,Pazar,3,"Sıcak, yorgunluk, grup sürüşü",Tehlike Avı,Tehlike Avı,tehlike,Tünel ve köprü – odak: Hız ve mesafe,"Bu sahnede kaç tehlike var? Say, sonra izle",Roadcraft gözlem: tünel ve köprü ortamında tehlikeleri erken tanı (hız ve mesafe).,Gözlem / Sistem,Esnek,
657,2028-07-24,Pazartesi,3,"Sıcak, yorgunluk, grup sürüşü",Beceri Challenge,#Challenge (takipçi katılımlı),challenge,Mini parkur zamana karşı – Seviye 3,Bunu yapabilir misin? Mini parkur zamana karşı,Kurulum ölçüleri ekranda; takipçiler kendi denemesini etiketler.,Kontrol,Esnek,
658,2028-07-25,Salı,3,"Sıcak, yorgunluk, grup sürüşü",Topluluk,Efsane mi Gerçek mi?,efsane,Kask kamerası dikkat dağıtmaz,"'Kask kamerası dikkat dağıtmaz' Efsane mi, gerçek mi?",Yaygın inanışı Roadcraft ve veriyle değerlendir; cevabı izleyiciye önce tahmin ettir.,Değişken,Esnek,
659,2028-07-26,Çarşamba,3,"Sıcak, yorgunluk, grup sürüşü",Doğru / Yanlış,Roadcraft Doğru-Yanlış,dogru_yanlis,Yeşilde yaya geçiren sağa dönüş,"Sağa dönüyordun, yaya yeşildeydi",Sağa dönüşte yaya geçidini dönüşten önce kontrol et.,Kavşak,Sabit,
660,2028-07-27,Perşembe,3,"Tatil yolu, yolcu ve yük",Teknik Kontrol,Kapalı Alan Tekniği,teknik,Gözler yukarı: düşük hız dengesi (Seviye 2),Gözler yukarı: düşük hız dengesi: çoğu sürücü bunu yanlış yapıyor,"Kapalı alanda doğru uygulama + yaygın hata, tek ana ipucu.",Kontrol,Sabit,
661,2028-07-28,Cuma,3,"Tatil yolu, yolcu ve yük",Sen Olsan?,Quiz (cevap yarın),quiz,Quiz: Şerit değiştirecek aracın niyeti,Sen olsan ne yapardın? A mı B mi?,"Ramak kala anından 1 sn önce dondur; cevap yorumlarda, çözüm yarın.",Gözlem,Sabit,638
662,2028-07-29,Cumartesi,3,"Tatil yolu, yolcu ve yük",Cevap + Kural,Quiz cevabı,cevap,Cevap: Şerit değiştirecek aracın niyeti,Dünkü sorunun cevabı: yorumların %… haklıydı,Aracın şerit içindeki kayması ve sürücünün kafası niyeti gösterir.,Gözlem,Sabit,638
663,2028-07-30,Pazar,3,"Tatil yolu, yolcu ve yük",Tehlike Avı,Tehlike Avı,tehlike,Yol çalışması güzergâhı – odak: Tehlike tahmini,"Bu sahnede kaç tehlike var? Say, sonra izle",Roadcraft gözlem: yol çalışması güzergâhı ortamında tehlikeleri erken tanı (tehlike tahmini).,Gözlem / Sistem,Esnek,
664,2028-07-31,Pazartesi,3,"Tatil yolu, yolcu ve yük",Beceri Challenge,#Challenge (takipçi katılımlı),challenge,Arka fren ile dönüş – Seviye 3,Bunu yapabilir misin? Arka fren ile dönüş,Kurulum ölçüleri ekranda; takipçiler kendi denemesini etiketler.,Kontrol,Esnek,
665,2028-08-01,Salı,3,"Tatil yolu, yolcu ve yük",Topluluk,Ekipman & Bakım,ekipman,Kamera montajı güvenliği,Kamera montajı güvenliği: 30 saniyede,"Seçim / kontrol kriterleri, standart ve pratik ipucu.",Hazırlık,Esnek,
666,2028-08-02,Çarşamba,3,"Tatil yolu, yolcu ve yük",Doğru / Yanlış,Roadcraft Doğru-Yanlış,dogru_yanlis,Islak yaprakta fren,Yaprağın üstünde fren yaptın,Freni yaprağa gelmeden bitir; üstünde dik ve yumuşak geç.,Yüzey / Mevsim,Sabit,
667,2028-08-03,Perşembe,3,"Tatil yolu, yolcu ve yük",Teknik Kontrol,Kapalı Alan Tekniği,teknik,Debriyaj ve fren kolu ayarı (Seviye 2),Debriyaj ve fren kolu ayarı: çoğu sürücü bunu yanlış yapıyor,"Kapalı alanda doğru uygulama + yaygın hata, tek ana ipucu.",Kontrol,Sabit,
668,2028-08-04,Cuma,3,"Tatil yolu, yolcu ve yük",Sen Olsan?,Quiz (cevap yarın),quiz,Quiz: Virajdan önce bitmeyen sollama,Sen olsan ne yapardın? A mı B mi?,"Ramak kala anından 1 sn önce dondur; cevap yorumlarda, çözüm yarın.",Sollama,Sabit,645
669,2028-08-05,Cumartesi,3,"Tatil yolu, yolcu ve yük",Cevap + Kural,Quiz cevabı,cevap,Cevap: Virajdan önce bitmeyen sollama,Dünkü sorunun cevabı: yorumların %… haklıydı,Bitmeyecek sollamadan erkenden vazgeç; geri çekil.,Sollama,Sabit,645
670,2028-08-06,Pazar,3,"Tatil yolu, yolcu ve yük",Tehlike Avı,Tehlike Avı,tehlike,Pazar yeri / kalabalık cadde – odak: Sollama kararları,"Bu sahnede kaç tehlike var? Say, sonra izle",Roadcraft gözlem: pazar yeri / kalabalık cadde ortamında tehlikeleri erken tanı (sollama kararları).,Gözlem / Sistem,Esnek,
671,2028-08-07,Pazartesi,3,"Tatil yolu, yolcu ve yük",Beceri Challenge,#Challenge (takipçi katılımlı),challenge,Yolcu ile yavaş sürüş – Seviye 3,Bunu yapabilir misin? Yolcu ile yavaş sürüş,Kurulum ölçüleri ekranda; takipçiler kendi denemesini etiketler.,Kontrol,Esnek,
672,2028-08-08,Salı,3,"Tatil yolu, yolcu ve yük",Topluluk,Mini Sınav,mini_sinav,Haftanın 3 hızlı sorusu,Bu haftayı ne kadar iyi takip ettin? 3 soru,"Haftanın Pazartesi–Cumartesi konularından 3 hızlı soru, cevaplar sonda.",Değişken,Esnek,
673,2028-08-09,Çarşamba,3,"Tatil yolu, yolcu ve yük",Doğru / Yanlış,Roadcraft Doğru-Yanlış,dogru_yanlis,Sis,"Sisli sabah, 30 metre görüş","Görüş mesafesi = durma mesafesi; görünürlüğü artır, hızı düşür.",Çevre / Mevsim,Sabit,
674,2028-08-10,Perşembe,3,"Tatil yolu, yolcu ve yük",Teknik Kontrol,Kapalı Alan Tekniği,teknik,Sürüş pozisyonu ergonomisi (Seviye 2),Sürüş pozisyonu ergonomisi: çoğu sürücü bunu yanlış yapıyor,"Kapalı alanda doğru uygulama + yaygın hata, tek ana ipucu.",Kontrol,Sabit,
675,2028-08-11,Cuma,3,"Tatil yolu, yolcu ve yük",Sen Olsan?,Quiz (cevap yarın),quiz,Quiz: Arkadan gelen kamyon,Sen olsan ne yapardın? A mı B mi?,"Ramak kala anından 1 sn önce dondur; cevap yorumlarda, çözüm yarın.",Gözlem,Sabit,652
676,2028-08-12,Cumartesi,3,"Tatil yolu, yolcu ve yük",Cevap + Kural,Quiz cevabı,cevap,Cevap: Arkadan gelen kamyon,Dünkü sorunun cevabı: yorumların %… haklıydı,Arkadaki ağır aracı izle; fren yapmadan önce mesafesini bil.,Gözlem,Sabit,652
677,2028-08-13,Pazar,3,"Tatil yolu, yolcu ve yük",Tehlike Avı,Tehlike Avı,tehlike,Tatil yolu – odak: Gözlem,"Bu sahnede kaç tehlike var? Say, sonra izle",Roadcraft gözlem: tatil yolu ortamında tehlikeleri erken tanı (gözlem).,Gözlem / Sistem,Esnek,
678,2028-08-14,Pazartesi,3,"Tatil yolu, yolcu ve yük",Beceri Challenge,#Challenge (takipçi katılımlı),challenge,U dönüşü yokuşta – Seviye 3,Bunu yapabilir misin? U dönüşü yokuşta,Kurulum ölçüleri ekranda; takipçiler kendi denemesini etiketler.,Kontrol,Esnek,
679,2028-08-15,Salı,3,"Tatil yolu, yolcu ve yük",Topluluk,Yorumlardan Soru,yorum_soru,Haftanın en çok sorulan sorusu,Bu hafta en çok bunu sordunuz,Haftanın yorum/DM analizinden seçilen soruya kısa cevap.,Değişken,Esnek,
680,2028-08-16,Çarşamba,3,"Tatil yolu, yolcu ve yük",Doğru / Yanlış,Roadcraft Doğru-Yanlış,dogru_yanlis,Yağmurda vizör buğusu,"Vizör buğulandı, hiçbir şey göremiyorsun",Pinlock ve havalandırma; buğu = kör sürüş.,Ekipman / Çevre,Sabit,
681,2028-08-17,Perşembe,3,"Tatil yolu, yolcu ve yük",Teknik Kontrol,Kapalı Alan Tekniği,teknik,T-CLOCS sürüş öncesi kontrol (Seviye 2),T-CLOCS sürüş öncesi kontrol: çoğu sürücü bunu yanlış yapıyor,"Kapalı alanda doğru uygulama + yaygın hata, tek ana ipucu.",Kontrol,Sabit,
682,2028-08-18,Cuma,3,"Tatil yolu, yolcu ve yük",Sen Olsan?,Quiz (cevap yarın),quiz,Quiz: Yeşilde yaya geçiren sağa dönüş,Sen olsan ne yapardın? A mı B mi?,"Ramak kala anından 1 sn önce dondur; cevap yorumlarda, çözüm yarın.",Kavşak,Sabit,659
683,2028-08-19,Cumartesi,3,"Tatil yolu, yolcu ve yük",Cevap + Kural,Quiz cevabı,cevap,Cevap: Yeşilde yaya geçiren sağa dönüş,Dünkü sorunun cevabı: yorumların %… haklıydı,Sağa dönüşte yaya geçidini dönüşten önce kontrol et.,Kavşak,Sabit,659
684,2028-08-20,Pazar,3,"Tatil yolu, yolcu ve yük",Tehlike Avı,Tehlike Avı,tehlike,Sabah işe gidiş trafiği – odak: Konumlanma,"Bu sahnede kaç tehlike var? Say, sonra izle",Roadcraft gözlem: sabah işe gidiş trafiği ortamında tehlikeleri erken tanı (konumlanma).,Gözlem / Sistem,Esnek,
685,2028-08-21,Pazartesi,3,"Tatil yolu, yolcu ve yük",Beceri Challenge,#Challenge (takipçi katılımlı),challenge,Eğitmen vs takipçi: aynı parkur – Seviye 3,Bunu yapabilir misin? Eğitmen vs takipçi: aynı parkur,Kurulum ölçüleri ekranda; takipçiler kendi denemesini etiketler.,Kontrol,Esnek,
686,2028-08-22,Salı,3,"Tatil yolu, yolcu ve yük",Topluluk,Efsane mi Gerçek mi?,efsane,"Motosiklet sürmek yetenektir, öğrenilmez","'Motosiklet sürmek yetenektir, öğrenilmez' Efsane mi, gerçek mi?",Yaygın inanışı Roadcraft ve veriyle değerlendir; cevabı izleyiciye önce tahmin ettir.,Değişken,Esnek,
687,2028-08-23,Çarşamba,3,"Tatil yolu, yolcu ve yük",Doğru / Yanlış,Roadcraft Doğru-Yanlış,dogru_yanlis,Hız tümseği,Tümseğe frenle girdin,"Tümsekten önce fren bitir, üstünden gazla dengeli geç.",Kontrol,Sabit,
688,2028-08-24,Perşembe,3,"Tatil yolu, yolcu ve yük",Teknik Kontrol,Kapalı Alan Tekniği,teknik,Kalkışta denge ve ilk 5 metre (Seviye 2),Kalkışta denge ve ilk 5 metre: çoğu sürücü bunu yanlış yapıyor,"Kapalı alanda doğru uygulama + yaygın hata, tek ana ipucu.",Kontrol,Sabit,
689,2028-08-25,Cuma,3,"Tatil yolu, yolcu ve yük",Sen Olsan?,Quiz (cevap yarın),quiz,Quiz: Islak yaprakta fren,Sen olsan ne yapardın? A mı B mi?,"Ramak kala anından 1 sn önce dondur; cevap yorumlarda, çözüm yarın.",Yüzey / Mevsim,Sabit,666
690,2028-08-26,Cumartesi,3,"Tatil yolu, yolcu ve yük",Cevap + Kural,Quiz cevabı,cevap,Cevap: Islak yaprakta fren,Dünkü sorunun cevabı: yorumların %… haklıydı,Freni yaprağa gelmeden bitir; üstünde dik ve yumuşak geç.,Yüzey / Mevsim,Sabit,666
691,2028-08-27,Pazar,3,Okullar açıldı: şehir trafiği,Tehlike Avı,Tehlike Avı,tehlike,Gün batımı (karşıdan güneş) – odak: Hız ve mesafe,"Bu sahnede kaç tehlike var? Say, sonra izle",Roadcraft gözlem: gün batımı (karşıdan güneş) ortamında tehlikeleri erken tanı (hız ve mesafe).,Gözlem / Sistem,Esnek,
692,2028-08-28,Pazartesi,3,Okullar açıldı: şehir trafiği,Beceri Challenge,#Challenge (takipçi katılımlı),challenge,Kapalı virajda hat seçimi – Seviye 3,Bunu yapabilir misin? Kapalı virajda hat seçimi,Kurulum ölçüleri ekranda; takipçiler kendi denemesini etiketler.,Kontrol,Esnek,
693,2028-08-29,Salı,3,Okullar açıldı: şehir trafiği,Topluluk,Ekipman & Bakım,ekipman,Kaza anında ne yapmalı + ilk yardım çantası,Kaza anında ne yapmalı + ilk yardım çantası: 30 saniyede,"Seçim / kontrol kriterleri, standart ve pratik ipucu.",Hazırlık,Esnek,
694,2028-08-30,Çarşamba,3,Okullar açıldı: şehir trafiği,Doğru / Yanlış,Roadcraft Doğru-Yanlış,dogru_yanlis,Park yerinden çıkış,Park yerinden çıkarken kimi görmedin?,Park yerinden çıkmadan önce ayna + omuz + sinyal.,Gözlem,Sabit,
695,2028-08-31,Perşembe,3,Okullar açıldı: şehir trafiği,Teknik Kontrol,Kapalı Alan Tekniği,teknik,Dar alanda park etme (Seviye 2),Dar alanda park etme: çoğu sürücü bunu yanlış yapıyor,"Kapalı alanda doğru uygulama + yaygın hata, tek ana ipucu.",Kontrol,Sabit,
696,2028-09-01,Cuma,3,Okullar açıldı: şehir trafiği,Sen Olsan?,Quiz (cevap yarın),quiz,Quiz: Sis,Sen olsan ne yapardın? A mı B mi?,"Ramak kala anından 1 sn önce dondur; cevap yorumlarda, çözüm yarın.",Çevre / Mevsim,Sabit,673
697,2028-09-02,Cumartesi,3,Okullar açıldı: şehir trafiği,Cevap + Kural,Quiz cevabı,cevap,Cevap: Sis,Dünkü sorunun cevabı: yorumların %… haklıydı,"Görüş mesafesi = durma mesafesi; görünürlüğü artır, hızı düşür.",Çevre / Mevsim,Sabit,673
698,2028-09-03,Pazar,3,Okullar açıldı: şehir trafiği,Tehlike Avı,Tehlike Avı,tehlike,Kırsal kavşaklar – odak: Tehlike tahmini,"Bu sahnede kaç tehlike var? Say, sonra izle",Roadcraft gözlem: kırsal kavşaklar ortamında tehlikeleri erken tanı (tehlike tahmini).,Gözlem / Sistem,Esnek,
699,2028-09-04,Pazartesi,3,Okullar açıldı: şehir trafiği,Beceri Challenge,#Challenge (takipçi katılımlı),challenge,Islak zemin slalom – Seviye 3,Bunu yapabilir misin? Islak zemin slalom,Kurulum ölçüleri ekranda; takipçiler kendi denemesini etiketler.,Kontrol,Esnek,
700,2028-09-05,Salı,3,Okullar açıldı: şehir trafiği,Topluluk,Mini Sınav,mini_sinav,Haftanın 3 hızlı sorusu,Bu haftayı ne kadar iyi takip ettin? 3 soru,"Haftanın Pazartesi–Cumartesi konularından 3 hızlı soru, cevaplar sonda.",Değişken,Esnek,
